Nom du lieu,Discipline,Offre,Avantage tarifaire / service,Type d'avantage,Adresse,Commune,Latitude,Longitude,Color
7 Parnassiens,Cinéma,Tarif réduit sur la séance dans le cadre de la manifestation Avant-premières! (4-12 juillet),Avantage tarifaire,Tarif réduit,98 Boulevard Montparnasse,Paris,48.84245103273911,2.3276432219999443,"[255, 0, 0]"
Amaclio productions,Expérience,"Nous proposons aux détenteurs de la carte Navigo, un Tarif Navigo Culture équivalent au tarif réduit de l'éxpérience Eternelle Notre-Dame, c’est-à-dire 20,99€ au lieu de 30,99€",Avantage tarifaire,Tarif réduit,86 Boulevard de la Tour-Maubourg,Paris,48.85542714108581,2.309531767558772,"[255, 0, 0]"
Cabaret Sauvage,Musique | Théâtre,Tarif réduit sur les productions et services specifiques comme rencontres avec les artistes,Avantage tarifaire et service,"Tarif réduit,Rencontre d'artistes",59 Boulevard Macdonald,Paris,48.89545122647197,2.3921649631055004,"[0, 9, 255]"
Centre André Malraux,Cinéma,Tarif réduit sur certains évènements cinéma,Avantage tarifaire,Tarif réduit,10 Avenue Francis de Pressensé,Le Bourget,48.93233488059488,2.424759475374801,"[255, 0, 0]"
Centre Culturel du Forum,Théâtre | Musique,La Ville de Saint Gratien propose aux détenteurs du Pass Navigo Culture de bénéficier du tarif réduit aux spectacles de la saison culturelle,Avantage tarifaire,Tarif réduit,Place François Truffaut,Saint Gratien,48.968232190439494,2.285217434840511,"[255, 0, 0]"
Centre d'Action Cinématographique Le Rex,Cinéma,Tarif réduit de la salle pour les détenteurs du Pass Navigo pour toutes les séances d’Arthur Rambo de Laurent Cantet (en attente de confirmation),Avantage tarifaire,Tarif réduit,364 Avenue de la Division Leclerc,Châtenay-Malabry,48.76582648834517,2.2599366150159623,"[255, 0, 0]"
Centre des bords de Marne,Cinéma,Offre de place tarifs réduits salles adhérentes,Avantage tarifaire,Tarif réduit,2 Rue de la Prairie,Le Perreux-sur-Marne,48.846878475554306,2.5096025465370895,"[255, 0, 0]"
Château de Champs-sur-Marne - Centre des Monuments Nationaux (CMN),Patrimoine | Jardin,Tarif spécial sur billet simple,Avantage tarifaire,Tarif réduit,31 Rue de Paris,Champs-sur-Marne,48.8536002639526,2.6040688925524367,"[255, 0, 0]"
Château de Rambouillet - Centre des Monuments Nationaux (CMN),Patrimoine | Jardin,Tarif spécial sur billet simple,Avantage tarifaire,Tarif réduit,Domaine national de Rambouillet,Rambouillet,48.64539514515633,1.8173804925481594,"[255, 0, 0]"
Château Rosa Bonheur,Patrimoine | Jardin | Musée,Tarif réduit sur réservation et rencontre avec les artistes même tarif pour accompagnant,Avantage tarifaire et service,"Tarif réduit,Rencontre d'artistes,Tarif réduit accompagnant",12 Rue Rosa Bonheur,Thomery,48.39602355173605,2.7833161796627977,"[0, 9, 255]"
Ciné 220,Cinéma,Offre ponctuelle et tarif réduit sur les salles adhérentes,Avantage tarifaire,Tarif réduit,3 Rue Anatole France,Brétigny-sur-Orge,48.60863376433001,2.304189155741818,"[255, 0, 0]"
Cinéma André Malraux,Cinéma,Tarif réduit sur certains évènements cinéma,Avantage tarifaire,Tarif réduit,25 Cours de la République,Bondy,48.90160154927898,2.4801404716155804,"[255, 0, 0]"
Cinéma Jacques Prévert,Cinéma,"Tarif réduit de la salle pour les détenteurs du Pass Navigo pour toutes les séances d’Arthur Rambo de Laurent Cantet, + tarif réduit de 16€ au lieu de 22€ sur la programmation retransmissions ""The Metropolitan Opera, Bolchoï et la Comédie Française""",Avantage tarifaire,Tarif réduit,134 Rue Anatole-France,Aulnay-sous-bois,48.94037471068953,2.4963628978621846,"[255, 0, 0]"
Cinéma Le Casino,Cinéma,Tarif réduit sur des séances du festival Ciné junior et sur des séances évènementielles,Avantage tarifaire,Tarif réduit,13 Rue Guillaume Budé,Villiers-sur-Marne,48.8259208931374,2.542455211176883,"[255, 0, 0]"
Cinéma Le Conti,Cinéma,Mise en place des offres en cours. Voir sur le site web des 24 cinémas du Val d’Oise sur ecransvo.org,Inconnu,Inconnu,Place du Patis,L'Isle-Adam,49.109996098789594,2.21185772261719,"[192, 192, 192]"
Cinéma Les 7 Batignolles,Cinéma,Tarif réduit de 11€90 au lieu de 14€20 tous les lundis et jeudis hors évènement,Avantage tarifaire,Tarif réduit,25 Allée Colette Heilbronner,Paris,48.892595316904455,2.3100471870160932,"[255, 0, 0]"
Cinéma Lino Ventura,Cinéma,Offre ponctuelle et tarif réduit sur les salles adhérentes,Avantage tarifaire,Tarif réduit,4 Rue Samuel Debordes,Athis-Mons,48.70982689357582,2.3875952885376726,"[255, 0, 0]"
Cinéma Prévert,Cinéma,Tarif réduit sur des séances du festival Ciné junior et sur des séances évènementielles,Avantage tarifaire,Tarif réduit,23 Rue de Paris,Joinville-le-Pont,48.818408342868686,2.4672662824142857,"[255, 0, 0]"
Cinétampes,Cinéma,Offre de place tarifs réduits salles adhérentes,Avantage tarifaire,Tarif réduit,Rue Léon Marquis,Étampes,48.434316120595575,2.1571598031559445,"[255, 0, 0]"
Cité des sciences et de l’industrie,Musée,"Tarif réduit accordé dans la limite des stocks éligibles sur achat billetterie en ligne d’un billet plein tarif Expositions de la Cité des sciences et de l’industrie sur activation du code promotionnel NAVIGO : offre valable 1 an, reconductible 2 fois",Avantage tarifaire,Tarif réduit,30 Avenue Corentin Cariou,Paris,48.895746449862834,2.3879156932534062,"[255, 0, 0]"
Domont cinéma,Cinéma,Mise en place des offres en cours. Voir sur le site web des 24 cinémas du Val d’Oise sur ecransvo.org,Avantage tarifaire,Inconnu,12 Allée Sainte-Thérèse,Domont,49.02988049138035,2.3341678612536114,"[255, 0, 0]"
Espace Jean-Marie Poirier,Cinéma,Tarif réduit sur des séances du festival Ciné junior et sur des séances évènementielles,Avantage tarifaire,Tarif réduit,Esplanade du 18 Juin 1940,Sucy-en-Brie,48.771495750647446,2.518122030485599,"[255, 0, 0]"
Festival Baroque De Pontoise - 23 septembre au 16 décembre 2023,Musique,Tarif réduit sur toute la programmation (hors 24 septembre et 20 octobre). Achat directement en ligne sur le site internet ou sur place les mercredis de 11h30 à 18h30. Renseignements : 0134351871,Avantage tarifaire,Tarif réduit,2 Rue des Patis,Pontoise,49.05049617973877,2.086522654290749,"[255, 0, 0]"
Festival Peacock Society - 8 et 9 juillet 2023,Musique,Offre à venir pour la prochaine édition du festival.,Avantage tarifaire,Tarif réduit,Chemin des Bœufs,Choisy-le-Roi,48.768701853657795,2.4334478796638543,"[255, 0, 0]"
Festival Yardland,Musique,Offre à venir pour la prochaine édition du festival.,Avantage tarifaire,Tarif réduit,Chemin des Bœufs,Choisy-le-Roi,48.763699,2.431458,"[255, 0, 0]"
File 7,Musique,Tarif réduit de 3€ sur plein tarif réservé au habitants Val d'Europe,Avantage tarifaire,Tarif réduit,4 Rue des Labours,Magny-le-Hongre,48.86409985588356,2.8129507481392713,"[255, 0, 0]"
Fondation Le Corbusier,Patrimoine,Reduction 2€ sur les pleins tarifs et offre ponctuelle sur visites guidées gratuites annoncées par newsletter,Avantage tarifaire et service,"Tarif réduit,Visite guidée gratuite",8-10 Square du Dr Blanche,Paris,48.851872882588566,2.2653071470567343,"[0, 9, 255]"
Fondation Royaumont,Patrimoine,Tarif réduit sur le droit d'entrée aux visites même tarif pour les accompagnants,Avantage tarifaire,"Tarif réduit,Tarif réduit accompagnant",Abbaye de Royaumont,Asnières-sur-Oise,49.14771903513043,2.381198450681085,"[255, 0, 0]"
"La Galerie, Centre D'art Contemporain De Noisy-Le-Sec",Centre d'art,Offre de visite et rencontre privilégiées autour d'une collation et remise publications éditées par le Centre,Avantage service,"Visite guidée gratuite,Rencontre d'artistes",1 Rue Jean Jaurès,Noisy-le-Sec,48.89074928036332,2.453017367241744,"[0, 255, 26]"
La Seine Musicale,Musique | Théâtre | Danse,"Tarif réduit de 10 % par rapport au tarif plein, sur une sélection de spectacles effectuée par la Seine Musicale, dans la limite des places disponibles.",Avantage tarifaire,Tarif réduit,1 Île Seguin,Boulogne-Billancourt,48.82622152985569,2.2294094296612528,"[255, 0, 0]"
Le 6B,Centre d'art,Gratuité sur toutes les expositions tous les jeudis soirs et dimanches soirs,Avantage tarifaire,Tarif réduit,6-10 Quai de Seine,Saint Denis,48.937981224535804,2.3429422468710674,"[255, 0, 0]"
Le Bal,Centre d'art,Tarif réduit 6€ au lieu de 7€,Avantage tarifaire,Tarif réduit,6 Impasse de la Défense,Paris,48.88529839825027,2.32740745040808,"[255, 0, 0]"
Le Brady,Cinéma,Offre en cours d'élaboration.,Avantage tarifaire,Tarif réduit,39 Boulevard de Strasbourg,Paris,48.87184706775583,2.355450821735056,"[255, 0, 0]"
Le Grand Rex & Rex Studios,Cinéma | Expérience,"Pour l'abonné Navigo, tarif réduit à 9€ pour la visite du Rex Studios, tarif réduit sur les séances cinéma du lundi et mardi de 13h à 17h30, tarif réduit à 15,50€ sur la visite guidée du Grand Rex.

Offre valable pour l'accompagnant de l'abonné Navigo, si ce dernier bénéficie déjà du tarif réduit par ailleurs.",Avantage tarifaire,"Tarif réduit,Tarif réduit accompagnant",5 Boulevard Poissonnière,Paris,48.87060202612666,2.347185428835956,"[255, 0, 0]"
Le Hall De La Chanson,Musique | Théâtre,Tarif réduit 10€ au lieu de 13€ et 12€ au lieu de 18€ pour imagine R 5€,Avantage tarifaire,Tarif réduit,211 Avenue Jean Jaurès,Paris,48.89221438578015,2.389804248944258,"[255, 0, 0]"
Le Louxor,Cinéma,Tarif réduit sur la séance dans le cadre de la manifestation Avant-premières! (4-12 juillet),Avantage tarifaire,Tarif réduit,170 Boulevard de Magenta,Paris,48.88356046437162,2.3498289528770875,"[255, 0, 0]"
Le Théatre de Rungis,Danse | Théâtre | Musique,Offre en cours d'élaboration.,Avantage tarifaire,1 place achetée = 1 place offerte,1 Place du Général de Gaulle,Rungis,48.748876721020245,2.350409970095719,"[255, 0, 0]"
L'Écran nomade,Cinéma,Tarif réduit sur certains évènements cinéma,Avantage tarifaire,Tarif réduit,Place de la Libération,Bobigny,48.90653256005536,2.4386839864345977,"[255, 0, 0]"
Les Gémeaux Scène Nationale De Sceaux,Théâtre | Danse | Musique | Cirque,Tarifs réduits dans la limite des places disponibles - hors évènement à Tarif unique,Avantage tarifaire,Tarif réduit,49 Avenue Georges Clemenceau,Sceaux,48.7838897835371,2.3061220820594537,"[255, 0, 0]"
Luminor Hôtel de Ville,Cinéma,Offre en cours d'élaboration.,Avantage tarifaire,Tarif réduit,20 Rue du Temple,Paris,48.85860554691673,2.3536262580326555,"[255, 0, 0]"
Maison Du Docteur Gachet,Musée,Don d'un document d'aide à la visite,Avantage service,Service exclusif,78 Rue Gachet,Auvers-sur-Oise,49.071833093127836,2.1560882333474667,"[0, 255, 26]"
Monnaie De Paris,Musée,Tarif réduit 10€ sur l'entrée musée et tarif réduit 10€ pour l'accompagnant,Avantage tarifaire,"Tarif réduit,Tarif réduit accompagnant",11 Quai de Conti,Paris,48.85668384604691,2.3390571280405776,"[255, 0, 0]"
Musée D'art Et D'histoire de Melun,Musée,"Entrée à un tarif unique de 1 (hors tarif réduit), visite guidée gratuite pour les expo temporaires, invitation aux vernissages",Avantage tarifaire et service,"Tarif réduit,Visite guidée gratuite,Invitation aux vernissages",5 Rue du Franc Mûrier,Melun,48.53641,2.65894,"[0, 9, 255]"
Musée D'art Et D'histoire Du Judaïsme,Musée,Collection permanente gratuite le premier samedi du mois d'octobre à juin et -5% sur la librairie.,Avantage tarifaire et service,"Gratuité,Réduction en librairie",Hôtel de Saint-Aignan,Paris,48.86153,2.355736,"[0, 9, 255]"
Musée De L'air Et De L'espace,Musée,Tarif réduit pour un accompagnant sur billet check in/boarding (entrée musée et visite avions),Avantage tarifaire,"Tarif réduit,Tarif réduit accompagnant",Aéroport de Paris-Le Bourget,Le Bourget,48.94659766771999,2.434609825590199,"[255, 0, 0]"
Musée Départemental Bourdelle A Egreville,Musée,Meilleurs tarifs sur les visites et évènements temporaires,Avantage tarifaire,Tarif réduit,1 Rue Dufet Bourdelle,Égreville,48.184230331026214,2.8596460638197256,"[255, 0, 0]"
Musée d'Orsay,Musée,Tarif réduit sur l'ensemble de l'offre d'adhésion Carte Blanche. Offre valable uniquement en billetterie physique du musée.,Avantage tarifaire,Abonnement à tarif réduit,1 Rue de la Légion d'Honneur,Paris,48.85997048754518,2.326569855382542,"[255, 0, 0]"
Musée du Domaine royal de Marly,Musée,Tarif réduit durant les vacances scolaires de la zone C. Tarif réduit durant les évènements exceptionnels organisés en collaboration avec les musées de France,Avantage tarifaire,Tarif réduit,1 Grille royale,Marly-le-Roi,48.85902283420541,2.1055758222085634,"[255, 0, 0]"
Musée national Gustave Moreau,Musée,"Tarif réduit sur billet d'entrée du musée Moreau (hors exposition): 5€ au lieu de 7€. Tarif réduit sur le billet du musée Moreau (pendant exposition) : 7 au lieu de 9€, Tarif réduit sur le billet jumelé Moreau/Henner (hors expo) : 7€ au lieu de 9€ et (pendant expo) : 9€ au lieu de 11€.",Avantage tarifaire,Tarif réduit,14 Rue de la Rochefoucauld,Paris,48.87787766577543,2.3344233589602963,"[255, 0, 0]"
Musée Picasso,Musée,Pass solo 1 an : 25€ au lieu de 27€  Pass solo 2 ans : 47€au lieu de 50€ Pass duo 1 an : 45€ au lieu de 50€ Pass duo 2 ans : 80€ au lieu de 90€,Avantage tarifaire,Abonnement à tarif réduit,5 Rue de Thorigny,Paris,48.85967320187293,2.3626178675406124,"[255, 0, 0]"
Opéra Comique,Musique,Opéras : -35 ans 1 place à -35 % même tarif accompagnant Concert : à l'heure du déjeuner 1 place achetée = 1 place offerte visite Patrimoine : visites découvertes à 5€,Avantage tarifaire,"Tarif réduit,1 place achetée = 1 place offerte,Tarif réduit accompagnant",1 Place Boieldieu,Paris,48.871206536746996,2.3378342575639386,"[255, 0, 0]"
Périphérique - Technopol,Musique,"Les détenteurs du passe Navigo qui ont le meilleur tarif (réduit pour les demandeurs d'emploi, les étudiants et les porteurs d'une carte d'invalidité) peuvent faire bénéficier une autre personne d'un tarif réduit à 15€ au lieu de 25€ pour le tarif régulier Pass 1 nuit.",Avantage tarifaire,Tarif réduit accompagnant,2 Rue de la Clôture,Paris,48.89724260675152,2.3949760476824635,"[255, 0, 0]"
Cite Médiévale de Provins,Patrimoine | Expérience,"Les abonnés Navigo peuvent bénéficier des tarifs suivants :
-	PASS PROVINS adulte au tarif préférentiel de 15 €
-	PASS PROVINS enfant au tarif préférentiel de 9.50 €
Offre valable uniquement sur place et sur présentation d'un justificatif Navigo valide.",Avantage tarifaire,Tarif réduit,4 Chemin de Villecran,Provins,48.5604069,3.2806952,"[255, 0, 0]"
Scène Nationale Marne-La-Vallée - Ferme Du Buisson + Centre D'art (Tram),Théâtre | Musique | Danse,Tarif réduit à 10€ dans la limite d'un quota de 10 places par représentation spécifique,Avantage tarifaire,Tarif réduit,Allée de la Ferme,Noisiel,48.84447488673264,2.62427083216292,"[255, 0, 0]"
Studio Ciné,Cinéma,Mise en place des offres en cours. Voir sur le site web des 24 cinémas du Val d’Oise sur ecransvo.org,Avantage tarifaire,Inconnu,207 Rue de Paris,Taverny,49.0263165175916,2.2247530879577453,"[255, 0, 0]"
Théâtre - Cinéma du Garde-Chasse,Cinéma,Tarif réduit sur certains évènements cinéma,Avantage tarifaire,Tarif réduit,181 bis Rue de Paris,Les Lilas,48.88216807952698,2.420067276719996,"[255, 0, 0]"
Théâtre Claude Debussy,Cinéma,Tarif réduit sur des séances du festival Ciné junior et sur des séances évènementielles,Avantage tarifaire,Tarif réduit,116 Avenue du Général de Gaulle,Maisons-Alfort,48.80143332066043,2.430424457816078,"[255, 0, 0]"
Théâtre De Brétigny,Théâtre | Musique | Danse,Possibilité de faire bénéficier une autre personne du tarif réduit valable 1 seule fois et offre ponctuelles sur les évènements spécifiques,Avantage tarifaire,Tarif réduit accompagnant,3 Rue Henri Douard,Brétigny-sur-Orge,48.610169232389175,2.311442401520836,"[255, 0, 0]"
Théâtre De Brunoy - Sothevy,Théâtre | Musique | Danse,Tarif réduit valable sur tous les spectacles hors variétés et humour en tarif agglo,Avantage tarifaire,Tarif réduit,2 Rue Philisbourg,Brunoy,48.69744420077062,2.5055688306641084,"[255, 0, 0]"
Théâtre de l'Épée de Bois - Cartoucherie,Théâtre,"A partir de septembre 2023 : tous les jeudis, places à 17€ au lieu de 22€ pour les abonnés Navigo. Représentations à 19h et 21h (accueil 1h avant chaque représentation).
Réservations : 01 48 08 39 74 ou billetterie@epeedebois.com. Règlement : par téléphone ou sur place.
Précision d'accès au théâtre : l'accès se fait uniquement par la route du Champ de Manœuvre et non par le Parc Floral. Il se situe au fond du site de la Cartoucherie et possède de grandes portes et fenêtres rouge.",Avantage tarifaire,Tarif réduit,2 route du Champ de Manœuvre,Paris,48.836674,2.449793,"[255, 0, 0]"
Théâtre De Quincy-Sous-Sénart - Sothevy,Théâtre | Musique | Danse,Tarif réduit valable sur tous les spectacles hors variétés et humour en tarif agglo,Avantage tarifaire,Tarif réduit,2 Rue de Combs la ville,Quincy-Sous-Sénart,48.6717088435426,2.538913413700832,"[255, 0, 0]"
Théâtre Jean Vilar de Vitry-sur-Seine,Théâtre | Musique | Danse,Offre en cours d'élaboration.,Avantage tarifaire,Tarif réduit,1 Place Jean Vilar,Vitry-sur-Seine,48.788885056076445,2.389844266885003,"[255, 0, 0]"
Théâtre L'Avant Seine,Théâtre | Musique | Danse,Tarif A : 25€ au lieu de 31€ tarif B 15€ au lieu de 21€ sur une sélection de spectacles,Avantage tarifaire,Tarif réduit,88 Rue Saint-Denis,Colombes,48.92416673477565,2.2509754290041593,"[255, 0, 0]"
Théatre Louis Aragon - SCINACD,Théâtre | Musique | Danse,Tarif réduit (12€) pour les détenteurs du Navigo + une personne de leur choix,Avantage tarifaire,"Tarif réduit,Tarif réduit accompagnant",24 Boulevard de l'Hôtel de ville,Tremblay-en-France,48.95121561877038,2.5723499865777346,"[255, 0, 0]"
Théâtre Municipal de Fontainebleau,Théâtre,"Tarif réduit 2 (16€ zone 1 / 10€ zone 2) sur tous les spectacles de la saison. Offre valable en ligne et en billetterie, soumise à la vérification d’un justificatif Navigo en cours de validité. »",Avantage tarifaire,Tarif réduit,Rue Richelieu,Fontainebleau,48.403390989234396,2.697733732523482,"[255, 0, 0]"
Théâtre Nanterre-Amandiers,Théâtre | Musique | Danse,Offre en cours d'élaboration.,Avantage tarifaire,Tarif réduit,7 Avenue Pablo Picasso,Nanterre,48.89361209120703,2.2134878942959513,"[255, 0, 0]"
Théâtre Sénart Scène Nationale,Théâtre | Musique | Danse,Tarif dégressif de 31 à - 61 ans tarifs de 13€ à 29€ et pour les -30 ans à +62 ans billets de 10€ à 21 €,Avantage tarifaire,Tarif réduit,8 Allée de la Mixité,Lieusaint,48.61511323388371,2.5402664199561356,"[255, 0, 0]"
Institut Giacometti,Centre d'art,"Les abonnés Navigo bénéficient d’un tarif préférentiel à 7€ pour l’exposition ALBERTO GIACOMETTI. LE NEZ, du 7 octobre 2023 au 7 janvier 2024. Offre valable uniquement en billetterie de la fondation, sur présentation d’un justification Navigo en cours de validité",Avantage tarifaire,Tarif réduit,5 rue Victor Schœlcher,Paris,48.8362248,2.3310707,"[255, 0, 0]"
Abbaye de Maubuisson,Centre d'art,Entrée gratuite aux expositions et reduc -50% à -60% sur les boissons,Avantage tarifaire et service,"Gratuité,Service exclusif",Avenue Richard de Tour,Saint-Ouen-l'Aumône,49.047435,2.114396,"[0, 9, 255]"
Atelier de Paris - Centre de Développement Chorégraphique National (CDCN),Danse,Tarif réduit offre découverte,Avantage tarifaire,Tarif réduit,Route du Champ de Manœuvre,Paris,48.83505099695892,2.4499719557464426,"[255, 0, 0]"
Ballon de Paris Generali,Expérience,Moins 2€ sur les billets adultes (12 ans et +) soit 13 € au lieu de 15€ ttc,Avantage tarifaire,Tarif réduit,Parc André Citroën,Paris,48.841801230486794,2.2742121992982476,"[255, 0, 0]"
Basilique de Saint-Denis,Patrimoine,"Tarif spécial sur billet simple, billet jumelé Panthéon – Basilique de Saint-Denis",Avantage tarifaire,Tarif réduit,1 Rue de la Légion d’honneur,Saint-Denis,48.93546418832323,2.359827873351399,"[255, 0, 0]"
Centre culturel Aragon-Triolet,Cinéma,Tarif réduit de la salle pour les détenteurs du Pass Navigo pour toutes les séances d’Arthur Rambo de Laurent Cantet,Avantage tarifaire,Tarif réduit,Voie du Fer À Cheval,Orly,48.74520515700281,2.4082146692388386,"[255, 0, 0]"
Centre d'Art Contemporain (CAC) Brétigny,Centre d'art,Invitation aux vernissages et rencontres d'artistes,Avantage service,"Invitation aux vernissages,Rencontre d'artistes",Rue Henri Douard,Brétigny-sur-Orge,48.609724150729846,2.3116023377789476,"[0, 255, 26]"
Centre de Wallonie Bruxelles,Centre d'art,"Tarif réduit sur l'ensemble de la programmation, -5% à la librairie",Avantage tarifaire et service,"Tarif réduit,Réduction en librairie",7 Rue de Venise,Paris,48.86093704916166,2.3512210442457286,"[0, 9, 255]"
Centre Pompidou,Musée,"Accès au tarif réduit pour les porteurs du passe Navigo pour les expositions temporaires et la collection permanente, sur les créneaux de fin de journée, à partir de 18h. 
Possibilité de faire bénéficier un proche du tarif réduit à partir de 18h, si le porteur du passe Navigo est déjà éligible au tarif réduit.",Avantage tarifaire,"Tarif réduit,Tarif réduit accompagnant",Place Georges-Pompidou,Paris,48.86064131756262,2.352243657582371,"[255, 0, 0]"
Chaplin - Denfert,Cinéma,Tarif réduit sur la séance dans le cadre de la manifestation Avant-premières! (4-12 juillet),Avantage tarifaire,Tarif réduit,24 Place Denfert-Rochereau,Paris,48.83388823848213,2.3309798913284325,"[255, 0, 0]"
Château d'Auvers,Patrimoine | Expérience | Musée | Jardin,Tarif réduit de 10€ du mardi au vendredi. Offre valable sur présentation d’un justification Navigo en billetterie du château.,Avantage tarifaire,Tarif réduit,Chemin des berthelées,Auvers-sur-Oise,49.071963398953926,2.166260075377671,"[255, 0, 0]"
Château de Fontainebleau,Patrimoine | Jardin,Tarif spécial sur billet simple,Avantage tarifaire,Tarif réduit,Place Charles de Gaulle,Fontainebleau,48.40210111147928,2.6994817164684837,"[255, 0, 0]"
Château de Maisons - Centre des Monuments Nationaux (CMN),Patrimoine | Jardin,Tarif spécial sur billet simple,Avantage tarifaire,Tarif réduit,2 Avenue Carnot,Maisons-Laffitte,48.94721054218889,2.1537703330306632,"[255, 0, 0]"
Château de Monte-Cristo,Patrimoine | Jardin,Tarif réduit le samedi uniquement,Avantage tarifaire,Tarif réduit,Chemin du Haut des Ormes,Le Port-Marly,48.88556828479396,2.103430666776073,"[255, 0, 0]"
Cinéma de Vanves,Cinéma,Tarif réduit de la salle pour les détenteurs du Pass Navigo pour toutes les séances d’Arthur Rambo de Laurent Cantet,Avantage tarifaire,Tarif réduit,12 Rue Sadi Carnot,Vanves,48.82168016060182,2.288287650835474,"[255, 0, 0]"
Cinéma des Cinéastes,Cinéma,Tarif réduit sur la séance dans le cadre de la manifestation Avant-premières! (4-12 juillet),Avantage tarifaire,Tarif réduit,7 Avenue de Clichy,Paris,48.88434076427047,2.326889455135658,"[255, 0, 0]"
Cinéma Itinérant de Cinessonne,Cinéma,"Pour les abonnés Navigo, accès au tarif réduit pour toute la programmation du Cinéma Itinérant de Cinessonne. Offre valable sur présentation du passe Navigo en cours à la billetterie des lieux partenaires.",Avantage tarifaire,Tarif réduit,15 Place Jacques Brel,Ris-Orangis,48.65611711139474,2.4084416343446633,"[255, 0, 0]"
Cinéma Jean Vigo,Cinéma,Tarif réduit à la salle pour les détenteurs du Pass Navigo pour toutes les séances d’Arthur Rambo de Laurent Cantet,Avantage tarifaire,Tarif réduit,1 Rue Pierre et Marie Curie,Gennevilliers,48.92855071660554,2.2932659170910124,"[255, 0, 0]"
Cinéma Le Lido,Cinéma,Tarif réduit de la salle pour les détenteurs du Pass Navigo pour toutes les séances d’Arthur Rambo de Laurent Cantet,Avantage tarifaire,Tarif réduit,70 Avenue de la République,Saint-Maur-des-Fossés,48.798527112740636,2.4857207590684864,"[255, 0, 0]"
Cinéma Trianon,Cinéma,Tarif réduit de la salle pour les détenteurs du Pass Navigo pour toutes les séances d’Arthur Rambo de Laurent Cantet (en attente de confirmation),Avantage tarifaire,Tarif réduit,3 bis Rue Marguerite Renaudin,Sceaux,48.77762579653126,2.2927943227751,"[255, 0, 0]"
Compagnie Oposito - Le Moulin Fondu,Théâtre | Danse | Cirque,"Tarif specifiques lors de visites organisées, sorties et rencontres privilégiées",Avantage tarifaire,Tarif réduit,3 Rue Marcel Bourgogne,Garges-lès-Gonesse,48.97035974070976,2.416434685746517,"[255, 0, 0]"
Conciergerie - Centre des Monuments Nationaux (CMN),Patrimoine | Musée,"Tarif spécial sur billet simple, billet jumelé Conciergerie – Sainte-Chapelle",Avantage tarifaire,Tarif réduit,2 Boulevard du Palais,Paris,48.85601771942001,2.3454942197549964,"[255, 0, 0]"
Conservatoire à Rayonnement Régional de Cergy-Pontoise,Musique,Tarif réduit 5 € ou 10 € en fonction des concerts,Avantage tarifaire,Tarif réduit,Parvis de la Préfecture,Cergy-Pontoise,49.036300240703774,2.078411545475593,"[255, 0, 0]"
Coulommiers Pays de Brie Tourisme,Expérience,1 place offerte pour 1 place achetée sur prestations itinérance touristique avec Ferté Jazz + Atelier du gout en session privée 1 degustation de brie et champagne ou 1 place de cours de cuisine  masterclass offerte par session,Avantage tarifaire et service,"1 place achetée = 1 place offerte,Cadeau",7 Rue du Général de Gaulle,Coulommiers,48.812484693652635,3.084282598876224,"[0, 9, 255]"
Dali Paris,Musée,"Plein tarif (26 ans +) : 13€, Réduits (enseignants, demandeurs d’emploi, -26 ans) : 9€, Gratuité : -8 ans",Avantage tarifaire,Tarif réduit,11 Rue Poulbot,Paris,48.886440248068254,2.3399389477707704,"[255, 0, 0]"
Eole Factory Festival - 7 au 10 septembre 2023,Musique,"Ouverture du tarif réduit aux abonnés Navigo Mois, Annuel, Senior, imagine R et Liberté +.",Avantage tarifaire,Tarif réduit,Allée des Îles Eric Tabarly,Mantes la jolie,48.998462,1.71948,"[255, 0, 0]"
Espace 1789,Théâtre | Danse | Cirque | Musique,"Ouverture du tarif réduit aux abonnés Navigo pour les spectacles de la saison 2023/2024 suivants : Maldonne, chorégraphie de Leïla Ka ; Carte blanche passinho, chorégraphie de Smaïl Kanouté ; Libre arbitre de Julie Bertin ; Basketteuses de Bamako de Thomas Guérineau ; Olympicorama, de Frédéric Ferrer. Offre valable uniquement en billetterie sur présentation d'un abonnement Navigo en cours de validité.",Avantage tarifaire,Tarif réduit,2 Rue Alexandre Bachelet,Saint-Ouen,48.916786176711895,2.351885206606994,"[255, 0, 0]"
Espace Bernard Mantienne,Cinéma,Tarif réduit de la salle pour les détenteurs du Pass Navigo pour toutes les séances d’Arthur Rambo de Laurent Cantet,Avantage tarifaire,Tarif réduit,3 Voie de l’Aulne,Verrières-le-Buisson,48.75257579343267,2.2707802270539528,"[255, 0, 0]"
Festival D’Auvers-sur-Oise - 30 avril au 28 septembre 2023,Musique,"Pour les concerts à série unique : accès au tarif réduit pour les abonnés Navigo. Pour les concerts proposant plusieurs catégories de places : sur-classement des catégories 2 et 3 pour les abonnés Navigo (catégorie 2 au tarif de la 3 et catégorie 3 au tarif de la 4).
Offres valables par téléphone au 01 30 36 77 77 ou par mail à billetterie@festival-auvers.com et soumises à l’envoi d’un justificatif Navigo par mail.",Avantage tarifaire,Tarif réduit,5 Avenue Marcel Perrin,Méry-sur-Oise,49.06426127931548,2.1857005809815524,"[255, 0, 0]"
Festival Paris l'été - 10 au 30 juillet 2023,Musique,Offre à venir pour la prochaine édition du festival.,Avantage tarifaire,Tarif réduit,106 Rue Brancion,Paris,48.830162261921394,2.3017207369362698,"[255, 0, 0]"
Festival Villes Des Musiques Du Monde - 13 octobre au 12 novembre 2023,Musique,Les abonnés Navigo concernés ont accès au tarif réduit sur les concerts du festival présentés au Point Fort d’Aubervilliers. Voir programmation sur le site du festival. Offre valable sur la billetterie en ligne et soumise à la présentation d’un justificatif Navigo le soir de la représentation.,Avantage tarifaire,Tarif réduit,174 Avenue Jean Jaurès,Aubervilliers,48.91667,2.41667,"[255, 0, 0]"
Festival We Love Green,Musique,Offre à venir pour la prochaine édition du festival.,Avantage tarifaire,Tarif réduit,42 Rue du Faubourg Poissonnière,Paris,48.83044355906428,2.4420578475611987,"[255, 0, 0]"
International Visual Théâtre,Théâtre,Tarif réduit à 15€ pour les détenteurs du pass Navigo et tarif découverte à 15 € pour la seconde personne dans le cadre du cercle navigo,Avantage tarifaire,"Tarif réduit,Tarif réduit accompagnant",7 Cité Chaptal,Paris,48.88146746684836,2.3330891478330322,"[255, 0, 0]"
Jeu De Paume,Musée,Tarif réduit sur Pass solo et Pass Duo/ offre limitée aux 1000 premiers abonnements,Avantage tarifaire,Abonnement à tarif réduit,1 Place de la Concorde,Paris,48.865805089610774,2.324057107545144,"[255, 0, 0]"
La Cinémathèque Française,Musée,Offre sur le Musée Méliès : 1 entrée plein tarif achetée / 1 entrée offerte. Offre valable uniquement sur place.,Avantage tarifaire,1 place achetée = 1 place offerte,51 Rue de Bercy,Paris,48.83722624395581,2.3825079044317525,"[255, 0, 0]"
La Clef,Théâtre | Musique | Danse,Tarif réduit sur une sélection de dates et sur un quota de places par dates.,Avantage tarifaire,Tarif réduit,46 Rue de Mareil,Saint-Germain-en-Laye,48.8938638276116,2.0884923363642933,"[255, 0, 0]"
La Dynamo de Banlieues Bleues,Musique,"Tarif abonné (8€ par concert) sur une sélection de 2 concerts par trimestre, dans la limite de 5 places par soirée. Réservation par téléphone uniquement et retrait sur place après contrôle de la validité.",Avantage tarifaire,Tarif réduit,9 Rue Gabrielle Josserand,Pantin,48.9034095,2.3933615,"[255, 0, 0]"
La Fauvette,Cinéma,Tarif réduit sur certains évènements cinéma,Avantage tarifaire,Tarif réduit,21 Avenue D. Perdrigé,Neuilly-Plaisance,48.87314486472045,2.5106110180220105,"[255, 0, 0]"
La Ferme du Buisson,Cinéma,Tarif réduit de la salle pour les détenteurs du Pass Navigo pour toutes les séances d’Arthur Rambo de Laurent Cantet,Avantage tarifaire,Tarif réduit,Allée de la Ferme,Noisiel,48.844472730784815,2.624274970625614,"[255, 0, 0]"
L'Arlequin,Cinéma,Offre en cours d'élaboration.,Avantage tarifaire,Tarif réduit,76 Rue de Rennes,Paris,48.85113012531865,2.330496840528188,"[255, 0, 0]"
Le Cinéma de Choisy-le-Roi,Cinéma,Tarif réduit sur des séances du festival Ciné junior et sur des séances évènementielles,Avantage tarifaire,Tarif réduit,4 Avenue de Villeneuve Saint-Georges,Choisy-le-Roi,48.76619354799199,2.4146758083600304,"[255, 0, 0]"
Le Cube,Centre d'art,Tarif réduit de 5 € s'applique sur tous les spectacles et les concerts,Avantage tarifaire,Tarif réduit,20 Cour Saint-Vincent,Issy-les-Moulineaux,48.820015001764624,2.2533985971700017,"[255, 0, 0]"
Le Cyclop - Jean Tinguely,Centre d'art,Tarif réduit sur présentation du titre de transport,Avantage tarifaire,Tarif réduit,Le Bois des Pauvres,Milly-la-Forêt,48.41497112309029,2.4568552490819235,"[255, 0, 0]"
Le Lucernaire,Cinéma,Tarif réduit sur la séance dans le cadre de la manifestation Avant-premières! (4-12 juillet),Avantage tarifaire,Tarif réduit,53 Rue Notre-Dame-des-Champs,Paris,48.84425252907818,2.330409877432615,"[255, 0, 0]"
Le Majestic à Montereau,Théâtre | Danse | Musique,"Sur présentation d’un passe Navigo valide en caisse, les porteurs de passe résidant en dehors des communes de Montereau et des communes actionnaires - partenaires (Bazoches- sur-le-Betz, Cannes-Ecluse, Chevry-en-Sereine, Courcelles-en-Bassée, Donnemarie-Dontilly, La Grande Paroisse, Pont-sur-Yonne, Saint-Germain-Laval, Salins ,Thoury-Férottes, Villeneuve-la-guyard, Vernou-la-celle-sur-seine, , Fontenailles, Passy-sur-seine, Grisy-sur-seine, Balloy, Domats et Egligny) bénéficient des mêmes tarifs spéciaux «Partenaires» que ceux accordés aux habitants de ces communes. Voir la liste de ces tarifs sur le site de l’établissement.",Avantage tarifaire,Tarif réduit,Parvis Joséphine Baker,Montereau-Fault-Yonne,48.38543481987003,2.9520380846566843,"[255, 0, 0]"
Le Monfort Théâtre,Théâtre | Danse,Tarif réduit sur toute la programmation,Avantage tarifaire,Tarif réduit,106 Rue Brancion,Paris,48.830164616946824,2.3017203331208123,"[255, 0, 0]"
Le Point Fort d'Aubervilliers,Musique | Danse,Les abonnés Navigo concernés ont accès au tarif réduit sur une sélection de concerts. Voir programmation sur le site du Point Fort d’Aubervilliers. Offre valable sur la billetterie en ligne et soumise à la présentation d’un justificatif Navigo le soir de la représentation.,Avantage tarifaire,Tarif réduit,174 Avenue Jean Jaurès,Aubervilliers,48.91667,2.41667,"[255, 0, 0]"
Le Rexy,Cinéma,Tarif réduit de la salle pour les détenteurs du Pass Navigo pour toutes les séances d’Arthur Rambo de Laurent Cantet,Avantage tarifaire,Tarif réduit,33 Rue du Général Delort,Provins,48.56054234148179,3.305345435579876,"[255, 0, 0]"
Les 3 Luxembourg,Cinéma,Offre en cours d'élaboration.,Avantage tarifaire,Tarif réduit,67 Rue Monsieur le Prince,Paris,48.8483611707334,2.3407943992569904,"[255, 0, 0]"
Maison de la Culture du Japon,Cinéma,Tarif adhérent MCJP appliqué aux seances de cinéma uniquement,Avantage tarifaire,Tarif réduit,101 bis Quai Branly,Paris,48.85480862047827,2.2894887843623057,"[255, 0, 0]"
Maison Des Arts De Malakoff,Centre d'art,1 tote bag offert à la 1ere visite et visite VIP de l'expo et visite gouter pour les enfants pendant les vacances et tarif réduit pour les Workshops,Avantage service,"Cadeau,Visite guidée gratuite",105 Avenue du 12 Février 1934,Malakoff,48.81805903206959,2.3078149069945635,"[0, 255, 26]"
Maison-musée Raymond Devos,Musée,Tarif réduit en visite guidée (5€ au lieu de 8€) et atelier d'écriture (15€ au lieu de 20€),Avantage tarifaire,Tarif réduit,10 Rue de Paris,Saint-Rémy-lès-Chevreuse,48.706341,2.075969,"[255, 0, 0]"
Musée Bossuet - Ville de Meaux,Musée,Tarif réduit pour les détenteurs du passe Navigo et tarif réduit à un accompagnant sur le modèle d'une offre découverte,Avantage tarifaire,"Tarif réduit,Tarif réduit accompagnant",5 Place Charles de Gaulle,Meaux,48.96064580847867,2.8779028507773217,"[255, 0, 0]"
Musée De La Résistance Nationale,Musée,Entrée demi-tarif soit 4€ et deux créneaux de visites guidées gratuites sur les samedis et dimanches,Avantage tarifaire et service,"Tarif réduit,Visite guidée gratuite",40 Quai Victor Hugo,Champigny-sur-Marne,48.81137785059553,2.5053108803314093,"[0, 9, 255]"
Musée De La Seine-Et-Marne,Musée,Meilleurs tarifs proposés par les cinq établissements sur les visites et évènements temporaires,Avantage tarifaire,Tarif réduit,17 Avenue de la Ferté sous Jouarre,Saint-Cyr-sur-Morin,48.908052658318944,3.181874162748789,"[255, 0, 0]"
Musée de l'Orangerie,Musée,Tarif réduit sur l'ensemble de l'offre d'adhésion Carte Blanche. Offre valable uniquement en billetterie physique du musée.,Avantage tarifaire,Abonnement à tarif réduit,Jardin des Tuileries,Paris,48.86391418233977,2.3226209031445393,"[255, 0, 0]"
Musée Départemental des peintres de Barbizon,Musée,Meilleurs tarifs sur les visites et évènements temporaires,Avantage tarifaire,Tarif réduit,92 Grande Rue,Barbizon,48.44618842951672,2.602599450921551,"[255, 0, 0]"
Musée Eugene Carrière,Musée,Un DVD sur le peintre Eugène Carriere remis aux détenteurs,Avantage service,Cadeau,5 Rue Ernest Pêcheux,Gournay-sur-Marne,48.86427295391711,2.5792342801052675,"[0, 255, 26]"
Musée national Jean-Jacques Henner,Musée,Tarif réduit sur billet d'entrée du musée Henner: 4€ au lieu de 6€. Tarif réduit sur le billet jumelé Moreau/Henner (hors expo) : 7€ au lieu de 9€ et (pendant expo) : 9€ au lieu de 11€.,Avantage tarifaire,Tarif réduit,43 Avenue de Villiers,Paris,48.883049458266214,2.3077077345809744,"[255, 0, 0]"
Nouveau Gare au Théâtre,Théâtre,Tarif Navigo culture à 8 €. Offres ponctuelles : newsletter et à voir sur site internet,Avantage tarifaire,Tarif réduit,13 Rue Pierre Semard,Vitry-sur-Seine,48.79949768072456,2.4036115125730317,"[255, 0, 0]"
Orchestre National d'Ile-de-France,Musique,"Accès au tarif abonné ""pass 3 concerts"" ou au tarif abonné pour les -28 ans pour les concerts de saison* de l'Orchestre national d'Île-de-France à la Philharmonie de Paris (*hors projets exceptionnels). Possibilité de faire bénéficier de son tarif préférentiel à une tierce personne.",Avantage tarifaire,"Tarif réduit,Abonnement à tarif réduit,Tarif réduit accompagnant",221 Avenue Jean Jaurès,Paris,48.89129617331855,2.3942901926516447,"[255, 0, 0]"
Palais de Tokyo,Musée,Offre sur les services spécifiques,Avantage service,Service exclusif,13 Avenue du Président Wilson,Paris,48.86459303436321,2.296674999618724,"[0, 255, 26]"
Panthéon - Centre des Monuments Nationaux (CMN),Patrimoine,Tarif spécial sur billet simple et Billet jumelé Panthéon – Basilique de Saint-Denis,Avantage tarifaire,Tarif réduit,Place du Panthéon,Paris,48.84622350139385,2.3464183094136946,"[255, 0, 0]"
Points Communs Cergy Pontoise,Théâtre | Musique | Danse,"Tarif réduit détenteurs et accompagnateurs, spectacles tarifs A : 20€ et spectacles tarifs B : 13€",Avantage tarifaire,"Tarif réduit,Tarif réduit accompagnant",Allée des Platanes,Cergy,49.03440136230882,2.079658686420928,"[255, 0, 0]"
Reflet Médicis,Cinéma,Offre en cours d'élaboration.,Avantage tarifaire,Tarif réduit,3 Rue Champollion,Paris,48.84975520874722,2.3429606269576477,"[255, 0, 0]"
Salle André Malraux,Théâtre | Musique | Danse,Offre tarif réduit Navigo Culture sur tous les spectacles aux tarifs saison culturelle pour le détenteur + offre tarif Cercle Navigo pour  un accompagnateur,Avantage tarifaire,"Tarif réduit,Tarif réduit accompagnant",29 Rue Taillepied,Sarcelles,48.99451,2.37539,"[255, 0, 0]"
Scène Nationale De L’Essonne - Centre culturel Robert Desnos,Théâtre | Musique | Danse,"Tarif réduit à 10€ pour les abonnés Navigo, même réduction pour l'accompagnant de l'abonné Navigo, si ce dernier bénéficie déjà du tarif réduit par ailleurs.",Avantage tarifaire,"Tarif réduit,Tarif réduit accompagnant",3 Allée Jean Ferrat,Ris-Orangis,48.646948004831316,2.4025083881966514,"[255, 0, 0]"
Studio des Ursulines,Cinéma,Tarif réduit sur la séance dans le cadre de la manifestation Avant-premières! (4-12 juillet),Avantage tarifaire,Tarif réduit,10 Rue des Ursulines,Paris,48.842738277672524,2.3420609031353083,"[255, 0, 0]"
Studio Galande,Cinéma,Tarif réduit sur la séance dans le cadre de la manifestation Avant-premières! (4-12 juillet),Avantage tarifaire,Tarif réduit,42 Rue Galande,Paris,48.85161034375343,2.3471249754916492,"[255, 0, 0]"
T2G Théâtre de Gennevilliers,Théâtre | Musique | Danse,Tarif réduit à 18€,Avantage tarifaire,Tarif réduit,41 Avenue des Grésillons,Gennevilliers,48.9142619556782,2.2997452412337953,"[255, 0, 0]"
Théâtre André Malraux,Cinéma | Théâtre,"Accès au tarif réduit pour les abonnés Navigo concernés, sur l’ensemble de la programmation du théâtre et du cinéma.",Avantage tarifaire,Tarif réduit,102 Avenue du Général de Gaulle,Chevilly-Larue,48.7706184387207,2.3502700328826904,"[255, 0, 0]"
Théâtre De Chelles,Théâtre | Musique | Danse,Tarif réduit,Avantage tarifaire,Tarif réduit,Place des Martyrs de Chateaubriant,Chelles,48.87777387696249,2.5956265626671606,"[255, 0, 0]"
Théâtre De Crosnes - Sothevy,Théâtre | Musique | Danse,Tarif réduit valable sur tous les spectacles hors variétés et humour en tarif agglo,Avantage tarifaire,Tarif réduit,29 bis Avenue Jean Jaurès,Crosnes,48.71509826054237,2.4589843497592643,"[255, 0, 0]"
Théâtre de La Commune - Aubervilliers,Théâtre | Musique | Danse,Tarif réduit 1 place 10€ pour -30 ans et 14€ pour + 30 ans et verre offert au bar,Avantage tarifaire et service,"Tarif réduit,Service exclusif",2 Rue Edouard Poisson,Aubervilliers,48.91079,2.38351,"[0, 9, 255]"
Théâtre De l'Envol,Théâtre | Musique | Danse | Cirque,Application du tarif réduit sur l’ensemble des catégories de spectacle A – B- C – D de la saison culturelle,Avantage tarifaire,Tarif réduit,4 Rue Danielle-Casanova,Viry-Châtillon,48.67377,2.37609,"[255, 0, 0]"
Théâtre De Yerres - Sothevy,Théâtre | Musique | Danse,Tarif réduit valable sur tous les spectacles hors variétés et humour en tarif agglo,Avantage tarifaire,Tarif réduit,2 Rue Marc Sangnier,Yerres,48.71506537584157,2.489409650829684,"[255, 0, 0]"
Théâtre Du Blanc Mesnil,Théâtre | Musique | Danse,Tarif réduit pour tous les spectacles selon programme,Avantage tarifaire,Tarif réduit,1-5 Place de la Libération,Le Blanc-Mesnil,48.944174316542465,2.465852264409938,"[255, 0, 0]"
Théâtre du Cormier,Théâtre | Musique | Danse,Mise en place des offres en cours. Voir sur le site web des 24 cinémas du Val d’Oise sur ecransvo.org,Avantage tarifaire,Inconnu,123 Rue de Saint-Germain,Cormeilles-en-Parisis,48.96101360676057,2.190333846028471,"[255, 0, 0]"
Théâtre L’Etoile Du Nord,Théâtre | Musique | Danse,Tarif réduit 12€ au lieu de 17€ sur les resa spectacles sur internet,Avantage tarifaire,Tarif réduit,16 Rue Georgette Agutte,Paris,48.895593961533756,2.332962764033704,"[255, 0, 0]"
Théâtre Ouvert,Théâtre | Musique | Danse,"Tarifs réduits de 14€ à 18€ sur les spectacles de la saison, dans la limite des places disponibles",Avantage tarifaire,Tarif réduit,159 Avenue Gambetta,Paris,48.8704456011791,2.403087352587921,"[255, 0, 0]"
Théâtre Paris Villette,Théâtre | Musique | Danse,Tarif réduit pour les spectacles « ados/adultes » / 8€ pour le jeune public / ateliers gratuits dans la mesure des places disponibles,Avantage tarifaire,Tarif réduit,211 Avenue Jean Jaurès,Paris,48.88975981756805,2.3907910403711323,"[255, 0, 0]"
Théâtre Victor Hugo - Bagneux,Théâtre | Musique | Danse,"Tarif à 13€ pour les bénéficiaires du Pass Navigo ainsi que pour un accompagnateur (cercle Navigo). Service spécifique : invitations aux sorties de résidences, visite du théâtre, d'exposition.",Avantage tarifaire et service,"Tarif réduit,Rencontre d'artistes,Invitation aux vernissages,Visite guidée gratuite,Tarif réduit accompagnant",14 Avenue Victor Hugo,Bagneux,48.804081178568424,2.3215689900025573,"[0, 9, 255]"
Vedettes de Paris,Expérience,"Réduction de 3 € sur le tarif (adulte et enfant) en vigueur pour les croisières d'une heure tous les jours sauf 14 juillet et 31 décembre. Réduction sur les Croisière guidées (selon saison), Croisière Famille (selon période), Croisière Apéro (tous les jours à 21h).",Avantage tarifaire,Tarif réduit,Port de Suffren,Paris,48.85892863731268,2.291550334301494,"[255, 0, 0]"
Villa Savoye - Centre des Monuments Nationaux (CMN),Patrimoine,Tarif spécial sur billet simple,Avantage tarifaire,Tarif réduit,82 Rue de Villiers,Poissy,48.92442705256387,2.028283389760373,"[255, 0, 0]"
Au fil des voix - 24 janvier au 11 février 2023,Musique,Offre à venir pour la prochaine édition du festival.,Inconnu,Inconnu,32 Rue Myrha,Paris,48.88730390242813,2.3536488538547347,"[192, 192, 192]"
Auditorium Gérard Grisey du Conservatoire,Musique,Offre tarif réduit Navigo Culture sur tous les spectacles aux tarifs saison culturelle pour le détenteur + Cercle Navigo pour un accompagnateur,Avantage tarifaire,"Tarif réduit,Tarif réduit accompagnant",2 Avenue Paul Langevin,Sarcelles,48.98147,2.37889,"[255, 0, 0]"
Centquatre104,Centre d'art | Théâtre | Danse | Musique,Tarif réduit sur toute la programmation,Avantage tarifaire,Tarif réduit,5 Rue Curial,Paris,48.88998494509567,2.371436480896419,"[255, 0, 0]"
Centre culturel cinéma Yves Montand,Cinéma,"Pour les porteurs du passe Navigo, accès au tarif individuel le plus avantageux pour les séances de cinéma et les spectacles. Pour les porteurs du passe Navigo disposant d'un abonnement ""Ma carte"", possibilité de faire bénéficier du tarif abonné à une tierce personne de leur choix.",Avantage tarifaire,"Tarif réduit,Tarif réduit accompagnant",36 Rue Eugène Masse,Livry-Gargan,48.92617414332353,2.5451053232822547,"[255, 0, 0]"
Centre des Arts Enghien les Bains,Centre d'art | Théâtre | Danse | Musique | Cinéma,"Les abonnés Navigo concernés ont accès au tarif réduit sur l’intégralité de la programmation (théâtre, cinéma, concert, festival compris). Offre valable en ligne ou en billetterie du centre et soumise à la présentation d’un justification Navigo.",Avantage tarifaire,Tarif réduit,12-16 Rue de la Libération,Enghien-les-Bains,48.58206,2.18215,"[255, 0, 0]"
Christine Cinéma Club,Cinéma,Tarif réduit sur la séance dans le cadre de la manifestation Avant-premières! (4-12 juillet),Avantage tarifaire,Tarif réduit,4 Rue Christine,Paris,48.85445991953715,2.3401510311934013,"[255, 0, 0]"
Cinéma Le Figuier Blanc,Cinéma,Mise en place des offres en cours. Voir sur le site web des 24 cinémas du Val d’Oise sur ecransvo.org,Inconnu,Inconnu,16-18 Rue Grégoire Collas,Argenteuil,48.9434486774851,2.247625937973974,"[192, 192, 192]"
Cinéma Le Palace,Cinéma,Mise en place des offres en cours. Voir sur le site web des 24 cinémas du Val d’Oise sur ecransvo.org,Inconnu,Inconnu,6 Avenue Anatole-France,Beaumont-sur-Oise,49.14147581978576,2.2830305650512375,"[192, 192, 192]"
Cinéma le Sélect,Cinéma,Tarif réduit sur les animations et soirées débats (hors retransmission en direct) pour détenteur du passe Navigo,Avantage tarifaire,Tarif réduit,10 Avenue de la Division Leclerc,Antony,48.75301420517611,2.30474681626314,"[255, 0, 0]"
Cinéma Louis Daquin,Cinéma,"Tarif réduit de 5€ pour les détenteur du passe au lieu de 6,50€",Avantage tarifaire,Tarif réduit,11 Avenue de la République,Le Blanc-Mesnil,48.9379789314027,2.462266922466314,"[255, 0, 0]"
Ecole d'art Janine Haddad,Centre d'art,"Offre tarif réduit stages, rencontres privilégiées avec les artistes exposants. Vernissages d'exposition.",Avantage tarifaire et service,"Tarif réduit,Invitation aux vernissages,Rencontre d'artistes",5 Route de Garges,Sarcelles,48.99106,2.37509,"[0, 9, 255]"
Espace culturel Alain-Poher - Salle Charles Chaplin,Cinéma,Tarif réduit sur des séances du festival Ciné junior et sur des séances évènementielles,Avantage tarifaire,Tarif réduit,7 Avenue Auguste Duru,Ablon-sur-Seine,48.724248997983004,2.4202751135219396,"[255, 0, 0]"
Espace des Arts - Salle Philippe Noiret,Cinéma,Tarif réduit sur certains évènements cinéma,Avantage tarifaire,Tarif réduit,144 Avenue Jean Jaurès,Les Pavillons-sous-Bois,48.90266491270613,2.506641478292648,"[255, 0, 0]"
Festival De Saint Denis - 2 au 27 juin 2023,Musique,Offre à venir pour la prochaine édition du festival.,Avantage tarifaire,Tarif réduit,16 Rue de la Légion d'Honneur,Saint-Denis,48.93474358838495,2.3581760114004124,"[255, 0, 0]"
Festival des 2 Rivières - 16 au 18 juin 2023,Musique,Offre à venir pour la prochaine édition du festival.,Avantage tarifaire,Tarif réduit,Espace des 2 Rivières,La Ferté-sous-Jouarre,48.94526125632563,3.123356938412617,"[255, 0, 0]"
Festival Jazz au Fil de l'Oise - 23 septembre au 10 décembre 2023,Musique,"Aux détenteurs d’un abonnement Navigo et à leur accompagnant, Tarif Réduit sur toute la programmation (sauf La Grande Table le 25 nov). Le Festival étant itinérant, le tarif est variable selon le concert et sa localisation.",Avantage tarifaire,"Tarif réduit,Tarif réduit accompagnant",Place de la paix,Pontoise,49.05956022042457,2.0895567153438246,"[255, 0, 0]"
Festival Mama - 11 au 13 octobre 2023,Musique,"Les abonnés Navigo bénéficient du tarif réduit à 22€ sur toute la programmation du festival, dans la limite de 40 places par jour. Réservation sur la billetterie dédiée : https://widget.weezevent.com/ticket/3de3fa44-d80d-4082-9503-962f90e8a6cb",Avantage tarifaire,Tarif réduit,98 Boulevard Marguerite de Rochechouart,Paris,48.882416,2.341814,"[255, 0, 0]"
Festival Solidays,Musique,Offre à venir pour la prochaine édition du festival.,Avantage tarifaire,Tarif réduit,Route de Sèvres à Neuilly,Paris,48.85878751058443,2.2296233802853993,"[255, 0, 0]"
Galéria Continua,Centre d'art,Visite guidée gratuite,Avantage service,Visite guidée gratuite,87 Rue du Temple,Paris,48.86184881215512,2.35656588037768,"[0, 255, 26]"
Institut du Monde Arabe,Musée,"Tarif réduit pour l’abonné Navigo sur l’entrée au musée, les expositions et les spectacles. Tarif réduit pour l’accompagnant de l’abonné Navigo si - 26 ans ou demandeur d’emploi ou bénéficiaire du RSA.
Pour les -26 ans, l'exposition « Ce que la Palestine apporte au monde » et le musée sont gratuits tout l'été.",Avantage tarifaire,"Tarif réduit,Tarif réduit accompagnant",1 Rue des Fossés Saint-Bernard,Paris,48.849074,2.356759,"[255, 0, 0]"
Insula orchestra et les artistes invités,Musique,Tarif réduit PUBLIC dans la limite de 100 places + Tarif réduit JEUNES 10€ concerts saison,Avantage tarifaire,Tarif réduit,1 Île Seguin,Boulogne-Billancourt,48.82669591685265,2.22865723441985,"[255, 0, 0]"
L’Ecran,Cinéma,Tarif réduit sur certains évènements cinéma,Avantage tarifaire,Tarif réduit,Place du Caquet,Saint-Denis,48.93674294060646,2.3591015446699166,"[255, 0, 0]"
La Pop - Peniche Opera - Compagnie Lyrique Nationale,Musique,Tarif de 12€ au bénéficiaires des minima sociaux et 10€ au adhérents même tarif accompagnants,Avantage tarifaire,"Tarif réduit,Tarif réduit accompagnant",61 Quai de la Seine,Paris,48.88716294949734,2.3762433000795418,"[255, 0, 0]"
La Scala Paris,Théâtre | Musique,"Tarif Navigo culture, accès au tarif réduit sur tous les spectacles. Cercle, accès au tarif réduit sur tous les spectacles pour une 2e personne.",Avantage tarifaire,"Tarif réduit,Tarif réduit accompagnant",13 Bd de Strasbourg,Paris,48.870270013558304,2.3545497057132794,"[255, 0, 0]"
L'Archipel,Cinéma,Offre en cours d'élaboration.,Avantage tarifaire,Tarif réduit,17 Boulevard de Strasbourg,Paris,48.87046992825714,2.3546581776106303,"[255, 0, 0]"
Le Mouffetard - Théâtre Des Arts de la Marionnette,Théâtre,Tarifs réduits,Avantage tarifaire,Tarif réduit,73 Rue Mouffetard,Paris,48.84227606460468,2.3503216277180576,"[255, 0, 0]"
Le Studio,Cinéma,Tarif réduit de la salle pour les détenteurs du Pass Navigo pour toutes les séances d’Arthur Rambo de Laurent Cantet,Avantage tarifaire,Tarif réduit,2 Rue Edouard Poisson,Aubervilliers,48.91078053555589,2.3835843740447014,"[255, 0, 0]"
L'Entrepot,Cinéma,Offre en cours d'élaboration.,Avantage tarifaire,Tarif réduit,7-9 Rue Francis-de-Pressense,Paris,48.83392151828622,2.316569419972312,"[255, 0, 0]"
Les Cinoches - Desnos,Cinéma,Offre ponctuelle et tarif reduit sur les salles adhérentes,Avantage tarifaire,Tarif réduit,Allée Jean Ferrat,Ris-Orangis,48.64691500738956,2.402668929913438,"[255, 0, 0]"
L'Escurial,Cinéma,Offre en cours d'élaboration.,Avantage tarifaire,Tarif réduit,11 Boulevard de Port Royal,Paris,48.836812325776,2.3495914611050965,"[255, 0, 0]"
L'onde,Danse,Tarif réduit 18€ sur les spectacles de danse,Avantage tarifaire,Tarif réduit,8 bis Avenue Louis Breguet,Vélizy-Villacoublay,48.78279510833272,2.178509353158535,"[255, 0, 0]"
Maison De La Poésie,Centre d'art,"Offre de cartes jeunes aux premiers inscrits (100 cartes à gagner) avec le code ""MDP""",Avantage tarifaire,Tarif réduit,157 Rue Saint-Martin,Paris,48.86229832608158,2.351911675217585,"[255, 0, 0]"
Maison Jean Cocteau,Musée,"Le tarif Navigo Culture équivaut au tarif réduit, soit 6,50€, pour visite libre. Le tarif Navigo Culture équivaut au tarif réduit, soit 6,50€, pour assister à un évènement.",Avantage tarifaire,Tarif réduit,15 Rue du Lau,Milly-la-Forêt,48.40234270866434,2.46487782795243,"[255, 0, 0]"
Majestic Bastille,Cinéma,Offre en cours d'élaboration.,Avantage tarifaire,Tarif réduit,4 Boulevard Richard Lenoir,Paris,48.85404756378292,2.369977442850605,"[255, 0, 0]"
Majestic Passy,Cinéma,Tarif réduit sur la séance dans le cadre de la manifestation Avant-premières! (4-12 juillet),Avantage tarifaire,Tarif réduit,18-20 Rue de Passy,Paris,48.85825436626518,2.282280975667707,"[255, 0, 0]"
Musée Clemenceau,Musée,"Tarif réduit avantages culture à 3€, tous les mercredis. Achats de billets sur place, auprès de l’établissement.",Avantage tarifaire,Tarif réduit,8 Rue Benjamin Franklin,Paris,48.85918766200694,2.285112552664806,"[255, 0, 0]"
Musée De Montmartre,Musée,"Billet au tarif réduit de 11€ et accès au musée : collections pemanentes, expo temporaire, jardins + offres ponctuelles",Avantage tarifaire,Tarif réduit,12 Rue Cortot,Paris,48.88771756103743,2.3406672185262205,"[255, 0, 0]"
Musée Départemental Stephane Mallarmé,Musée,Meilleurs tarifs sur les visites et évènements temporaires,Avantage tarifaire,Tarif réduit,4 Quai Stéphane Mallarmé,Vulaines-sur-Seine,48.43119725787054,2.7467545089838024,"[255, 0, 0]"
Musée Des Arts Et Métiers - Cnam,Musée,"Tarif réduit pour le porteur du passe Navigo et son accompagnateur, sur le billet d'accès au musée (comprenant une entrée aux expositions permanentes et temporaires), uniquement en période d’exposition temporaire.",Avantage tarifaire,"Tarif réduit,Tarif réduit accompagnant",60 Rue Réaumur,Paris,48.86664785944594,2.3554302647423095,"[255, 0, 0]"
Musée D'histoire Urbaine Et Sociale De Suresnes,Musée,Tarif réduit,Avantage tarifaire,Tarif réduit,1 Place de la Gare de Suresnes Longchamp,Suresnes,48.868193262847726,2.221617753118261,"[255, 0, 0]"
Musée Du Jouet de Poissy,Musée,Tarif réduit,Avantage tarifaire,Tarif réduit,1 Enclos de l'Abbaye,Poissy,48.928658155506064,2.0378918076875068,"[255, 0, 0]"
Musée Intercommunal De Nogent-Sur-Marne,Musée,"Tarif réduit sur visite commentée au choix expo permanente bords de Marne ou expo permanente groupe de 8 personnes, sur rendez-vous",Avantage tarifaire,Tarif réduit,36 Boulevard Gallieni,Nogent-sur-Marne,48.8402586,2.4843277,"[255, 0, 0]"
Musée Jean Jacques Rousseau,Musée,Tarif réduit aux personnes accompagnant le visiteur détenteur du passe Navigo qui bénéficie d'un tarif réduit ou gratuit au Musée Jean-Jacques Rousseau + une réduction de 5% à la boutique du musée pour ces deux mêmes visiteurs,Avantage tarifaire et service,"Tarif réduit accompagnant,Réduction en librairie",5 Rue Jean-Jacques Rousseau,Montmorency,48.98687254442382,2.3214838320020315,"[0, 9, 255]"
Opéra National De Paris Garnier,Patrimoine,Tarif réduit sur visite libre du Palais : 8€ au lieu de 12€ 10€ au lieu de 14€ en periode d'exposition,Avantage tarifaire,Inconnu,Place de l'Opéra,Paris,48.871976016554676,2.331589385216893,"[255, 0, 0]"
Scène Nationale De L’Essonne - Théâtre de l'Agora,Théâtre | Musique | Danse,"Tarif réduit à 10€ pour les abonnés Navigo, même réduction pour l'accompagnant de l'abonné Navigo, si ce dernier bénéficie déjà du tarif réduit par ailleurs.",Avantage tarifaire,"Tarif réduit,Tarif réduit accompagnant",Place des Terrasses de l'Agora,Évry,48.628780846483295,2.4293080994818546,"[255, 0, 0]"
Théâtre des Bouffes du Nord,Théâtre | Musique | Danse,Tarif réduit valable sur une séléction des spectacles de la saison,Avantage tarifaire,Tarif réduit,37 bis Boulevard de la Chapelle,Paris,48.88419286087166,2.358905435735804,"[255, 0, 0]"
Théâtre du Châtelet,Théâtre | Musique | Danse,Tarif réduit sur une sélection de spectacles et catégories de places dans la limite du quota dispo,Avantage tarifaire,Tarif réduit,1 Place du Châtelet,Paris,48.85773014911509,2.346311706587581,"[255, 0, 0]"
Théâtre Jean Arp De Clamart,Théâtre | Musique | Danse,Tarif réduit 12 €,Avantage tarifaire,Tarif réduit,22 Rue Paul Vaillant Couturier,Clamart,48.80261394234931,2.2639340220311697,"[255, 0, 0]"
Théâtre Les Bords De Scènes,Théâtre | Musique | Danse,Tarif réduit ou très réduit pour les 18-25 ans  sur une sélection de spectacles,Avantage tarifaire,Tarif réduit,Place du Maréchal Leclerc,Juvisy-sur-Orge,48.69075802371344,2.376542076522815,"[255, 0, 0]"
Théâtre Paul Éluard,Cinéma,Mise en place des offres en cours. Voir sur le site web des 24 cinémas du Val d’Oise sur ecransvo.org,Inconnu,Inconnu,162 Rue Maurice Berteaux,Bezons,48.93116707244955,2.207327511863523,"[192, 192, 192]"
Théâtre de la vallée,Théâtre,Les abonnés Navigo bénéficient du tarif réduit sur toutes les représentations des Vendredis de la Grange et du tarif abonné sur tous les Goûters-théâtre. Offre valable en ligne ou par téléphone au 01 34 04 03 41. Un justificatif Navigo pourra vous être demandé le jour de la représentation. Pour connaître la programmation : https://www.theatredelavallee.fr/programmation/,Avantage tarifaire,Tarif réduit,14 avenue du Maréchal Foch,Ecouen,49.0185066,2.3782076,"[255, 0, 0]"
Centre Culturel Picasso,Cinéma,Mise en place des offres en cours. Voir sur le site web des 24 cinémas du Val d’Oise sur ecransvo.org,Avantage tarifaire,Inconnu,Rue Guy de Maupassan,Montigny-lès-Cormeilles,48.996179046129456,2.199623879176709,"[255, 0, 0]"
Château de Vincennes - Centre des Monuments Nationaux (CMN),Patrimoine | Jardin,Tarif spécial sur billet simple,Avantage tarifaire,Tarif réduit,Avenue de Paris,Vincennes,48.84257060649695,2.435488134268473,"[255, 0, 0]"
Château Musée De Nemours,Patrimoine | Jardin | Musée,Tarif 3€ visite libre et 5€ visite guidée et même offre pour accompagnant détenteur,Avantage tarifaire,"Tarif réduit,Tarif réduit accompagnant",1 Rue Gautier 1er,Nemours,48.2655349951679,2.6971006698387825,"[255, 0, 0]"
Cinéma Apollo,Cinéma,Tarif réduit de la salle pour les détenteurs du Pass Navigo pour toutes les séances d’Arthur Rambo de Laurent Cantet,Avantage tarifaire,Tarif réduit,62 Avenue de la République,Pontault-Combault,48.803459370942065,2.6112914772402656,"[255, 0, 0]"
Cinéma Arcel,Cinéma,Offre ponctuelle et tarif reduit sur les salles adhérentes,Avantage tarifaire,Tarif réduit,15 Place Léon Casse,Corbeil-Essonnes,48.6039224336556,2.4690267424011303,"[255, 0, 0]"
Cinéma l’Antarès,Cinéma,Mise en place des offres en cours. Voir sur le site web des 24 cinémas du Val d’Oise sur ecransvo.org,Inconnu,Inconnu,1 Place du Cœur Battant,Vauréal,49.02992809571022,2.0214408158694823,"[192, 192, 192]"
Cinéma Le Forum,Cinéma,Tarif réduit sur des séances du festival Ciné junior et sur des séances évènementielles,Avantage tarifaire,Tarif réduit,Place du Forum,Boissy-Saint-Léger,48.75411832000789,2.501963918159903,"[255, 0, 0]"
Cinéma Le Kosmos,Cinéma,Tarif réduit de la salle pour les détenteurs du Pass Navigo pour toutes les séances d’Arthur Rambo de Laurent Cantet,Avantage tarifaire,Tarif réduit,243 ter Avenue de la République,Fontenay-sous-Bois,48.85282157542318,2.467694948497047,"[255, 0, 0]"
Cinéma Le Lavoir numérique,Cinéma,Tarif réduit sur des séances du festival Ciné junior et sur des séances évènementielles,Avantage tarifaire,Tarif réduit,4 Rue de Freiberg,Gentilly,48.815626909922166,2.3462875788186746,"[255, 0, 0]"
Cinéma Les Toiles,Cinéma,Tarif réduit de la salle pour les détenteurs du Pass Navigo pour toutes les séances d’Arthur Rambo de Laurent Cantet,Avantage tarifaire,Tarif réduit,Place François Truffaut,Saint-Gratien,48.967627035604565,2.286207482538227,"[255, 0, 0]"
Cinemas Du Palais,Cinéma,"Sur présentation d’un passe Navigo valide en caisse, est proposé un tarif de 5€ sur les séances événements des Cinémas du Palais : séances avec invités, animés, avec ateliers, à raison, en moyenne de deux événements par semaine, sur toute l’année, pour tous les âges. Hors séances opéra au cinéma",Avantage tarifaire,Tarif réduit,40 Allée Parmentier,Créteil,48.78615201522536,2.444113889108566,"[255, 0, 0]"
Cinépal',Cinéma,Offre ponctuelle et tarif réduit sur les salles adhérentes,Avantage tarifaire,Tarif réduit,10 Avenue du 8 mai 1945,Palaiseau,48.71209067095574,2.245049417146636,"[255, 0, 0]"
Cité de la musique-Philharmonie de Paris,Musée,Tarif réduit pour le Musée et pour les expos de la Cité de la musique - Philharmonie de Paris,Avantage tarifaire,Tarif réduit,221 Avenue Jean Jaurès,Paris,48.8912979983968,2.3942890320937256,"[255, 0, 0]"
Cité de l'architecture et du patrimoine,Musée,"Pour les abonnés Navigo, accès au tarif réduit de 6€ au lieu de 9€ pour le musée et de 9€ au lieu de 12€ pour les expositions temporaires. Offre valable sur présentation du passe Navigo en billetterie du musée.",Avantage tarifaire,Tarif réduit,1 Place du Trocadéro et du 11 Novembre,Paris,48.862544,2.287769,"[255, 0, 0]"
Citéco - Cité de l'Économie,Musée,"Pour les abonnés Navigo et à leur accompagnateur, tarif réduit sur les collections permanentes. Pour les abonnés imagine R, tarif très réduit à 6€ sur les collections permanentes. Offre valable sur la billetterie en ligne et en billetterie physique, sur présentation d’un justificatif.",Avantage tarifaire,"Tarif réduit,Tarif réduit accompagnant",1 Place du Général Catroux,Paris,48.88195788046292,2.310690240101099,"[255, 0, 0]"
Club de l'Étoile,Cinéma,Tarif réduit sur la séance dans le cadre de la manifestation Avant-premières! (4-12 juillet),Avantage tarifaire,Tarif réduit,14 Rue Troyon,Paris,48.87615844053561,2.2953697331533656,"[255, 0, 0]"
Ecoles cinéma club,Cinéma,Offre en cours d'élaboration.,Avantage tarifaire,Tarif réduit,23 Rue des Ecoles,Paris,48.84838163360664,2.3489922614240033,"[255, 0, 0]"
Epée de Bois,Cinéma,Offre en cours d'élaboration.,Avantage tarifaire,Tarif réduit,100 Rue Mouffetard,Paris,48.841281880832064,2.3495507388020167,"[255, 0, 0]"
Espace Daniel Sorano,Cinéma,Tarif réduit sur des séances du festival Ciné junior et sur des séances évènementielles,Avantage tarifaire,Tarif réduit,16 Rue Charles Pathé,Vincennes,48.849676847263765,2.4356829849556454,"[255, 0, 0]"
Festival D'automne à Paris - 7 septembre 2023 au 30 janvier 2024,Théâtre | Danse | Musique | Centre d'art,"Aux détenteurs d’un abonnement Navigo, le Festival d’Automne propose, sur l’intégralité du programme de l’édition 2023, soit 82 manifestations dans 73 lieux de Paris et d’Île-de-France, 4 000 places à tarif réduit sur les billets plein tarif individuel, hors abonnement et tarifs spécifiques Pour toute information, se reporter au programme en ligne du festival https://www.festival-automne.com/programme",Avantage tarifaire,Tarif réduit,156 Rue de Rivoli,Paris,48.86111960996346,2.3407522653209876,"[255, 0, 0]"
Festival Rock-En-Seine - 23 au 27 août 2023,Musique,Offre à venir pour la prochaine édition du festival.,Avantage tarifaire,Tarif réduit,1 Avenue de la Grille d'Honneur,Saint-Cloud,48.83784558374058,2.2170298216975897,"[255, 0, 0]"
L’Orange Bleue,Cinéma,Mise en place des offres en cours. Voir sur le site web des 24 cinémas du Val d’Oise sur ecransvo.org,Inconnu,Inconnu,7 Rue Jean Mermoz,Eaubonne,48.992754754253326,2.278078560284024,"[192, 192, 192]"
La Briqueterie Cdndu Val De Marne,Danse,Boisson chaude offerte au bar,Avantage service,Service exclusif,17 Rue Robert Degert,Vitry-sur-Seine,48.80549120077984,2.3749973822073196,"[0, 255, 26]"
La Luciole,Cinéma,Mise en place des offres en cours. Voir sur le site web des 24 cinémas du Val d’Oise sur ecransvo.org,Inconnu,Inconnu,1 Route de Pontoise,Méry-sur-Oise,49.06045758400877,2.171194477745079,"[192, 192, 192]"
Le Cin’Hoche,Cinéma,Tarif réduit sur certains évènements cinéma,Avantage tarifaire,Tarif réduit,6 Rue Hoche,Bagnolet,48.86928480214116,2.417076452979118,"[255, 0, 0]"
Le Crédac,Centre d'art,Tarif réduit à la Crédacantine (Visite de l'exposition et déjeuner),Avantage tarifaire,Tarif réduit,1 Place Pierre Gosnat,Ivry-sur-Seine,48.80934467604506,2.391028228670551,"[255, 0, 0]"
Le Forum de Vauréal,Musique,Tarif réduit pour les détenteurs du passe Navigo de 2€ soustraits au prix de la prévente pour chaque concert,Avantage tarifaire,Tarif réduit,95 Boulevard de l'Oise,Vauréal,49.03108149612531,2.021977839033422,"[255, 0, 0]"
Le Trianon,Cinéma,Tarif réduit sur certains évènements cinéma,Avantage tarifaire,Tarif réduit,Place Carnot,Romainville,48.88396044441015,2.4409812301304754,"[255, 0, 0]"
Les 5 Caumartin,Cinéma,Tarif réduit sur la séance dans le cadre de la manifestation Avant-premières! (4-12 juillet),Avantage tarifaire,Tarif réduit,101 Rue Saint-Lazare,Paris,48.87561479368591,2.3279187656315083,"[255, 0, 0]"
Maison Caillebotte - Ville de Yerres,Musée | Jardin,Tarif Navigo culture = 10€ (Visite Maison + expo en cours) Tarif Navigo culture = 6€ (Visite Maison seule),Avantage tarifaire,Tarif réduit,60 Rue Charles de Gaulle,Yerres,48.71700977569681,2.4880484279427044,"[255, 0, 0]"
Maison Pour Tous Gérard Philipe,Cinéma,Tarif réduit sur des séances du festival Ciné junior et sur des séances évènementielles,Avantage tarifaire,Tarif réduit,118 Rue Youri-Gagarine,Villejuif,48.78225385653411,2.3565978318578784,"[255, 0, 0]"
MC93 Maison de la culture de Seine-Saint-Denis,Théâtre | Danse,Tarif réduit de 18 € (au lieu de 25 € ou 30 €) sur une sélection de spectacles renseignée ici : https://www.mc93.com/info-pratiques/tarifs,Avantage tarifaire,Tarif réduit,9 Boulevard Lénine,Bobigny,48.90715112120444,2.442404919042948,"[255, 0, 0]"
Mémorial de la Shoah,Musée,Visite guidée gratuite le dimanche après-midi. Réduction de 5% à la librairie,Avantage tarifaire,Tarif réduit,17 Rue Geoffroy l’Asnier,Paris,48.85490443199694,2.356287658412573,"[255, 0, 0]"
Musée D'art Et D'histoire Louis Senlecq - L’Isle Adam,Musée,Entrée gratuite,Avantage tarifaire,Gratuité,31 Grande Rue,L'Isle-Adam,49.112532639391674,2.2159744782408346,"[255, 0, 0]"
Musée D'art Et D'histoire Paul Eluard - Saint Denis,Musée,"Tarif réduit et offres ponctuelles sur les évènements, visites, rencontres, coupe files",Avantage tarifaire et service,"Tarif réduit,Rencontre d'artistes",22 bis Rue Gabriel Péri,Saint-Denis,48.93242251062107,2.3562443493668854,"[0, 9, 255]"
Musée de la Batellerie,Musée,"Tarif réduit de 4,50€ au lieu de 5€, Tarif minima sociaux à 2,70€ au lieu de 3€, tarif -18 ans et scolaires à 1,80€ au lieu de 2€, Tarif réduit Conflanais à 1,35€ au lieu de 1,50€",Avantage tarifaire,Tarif réduit,3 Place Jules Gévelot,Conflans-Sainte-Honorine,48.99254650193102,2.095791639479827,"[255, 0, 0]"
Musée De La Grande Guerre,Musée,Tarif réduit pour les abonnés Navigo concernés. Offre valable en billetterie physique et en ligne.,Avantage tarifaire,Tarif réduit,Rue Lazare Ponticelli,Meaux,48.971432,2.904724,"[255, 0, 0]"
Musée De La Toile De Jouy,Musée,Entrée tarif plein 9€ / tarif réduit 7€,Avantage tarifaire,Tarif réduit,54 Rue Charles de Gaulle,Jouy-en-Josas,48.769017733868104,2.1516677062167386,"[255, 0, 0]"
Musée De L'armée,Musée,Tarif réduit,Avantage tarifaire,Tarif réduit,129 Rue de Grenelle,Paris,48.85579792660356,2.3126005258098985,"[255, 0, 0]"
Musée Départemental De La Préhistoire En Ile-De-France,Musée,Meilleurs tarifs sur les visites et évènements temporaires,Avantage tarifaire,Tarif réduit,48 Avenue Etienne Dailly,Nemours,48.2611266875304,2.713727395704612,"[255, 0, 0]"
Musée Du Chocolat Choco Story,Musée,"10€ au lieu de 12€ et 8,50€ au lieu de 10€ pour les jeunes et étudiants",Avantage tarifaire,Tarif réduit,28 Boulevard de Bonne Nouvelle,Paris,48.870577,2.350077,"[255, 0, 0]"
Nouveau Théâtre De Montreuil,Théâtre | Danse | Musique | Cirque,Tarif réduit,Avantage tarifaire,Tarif réduit,10 Place Jean Jaurès,Montreuil,48.8618068157649,2.4434701847649585,"[255, 0, 0]"
Nouvel Odéon,Cinéma,Tarif réduit sur la séance dans le cadre de la manifestation Avant-premières! (4-12 juillet),Avantage tarifaire,Tarif réduit,6 Rue de l'École de Médecine,Paris,48.850766813388375,2.341801675832266,"[255, 0, 0]"
Opéra Massy,Musique,Tarif réduit sur tous les spectacles voir conditions sur programme,Avantage tarifaire,Tarif réduit,1 Place de France,Massy,48.732047748298946,2.2893190431007633,"[255, 0, 0]"
PanoraMagique à Disneyland Paris,Expérience,Moins 2€ sur les billets adultes (12 ans et plus) soit 13 € au lieu de 15€ ttc,Avantage tarifaire,Tarif réduit,Disney Village,Chessy,48.86904268769647,2.7866621059274874,"[255, 0, 0]"
Salle Jacques Berrier,Théâtre | Musique | Danse,Gratuité sur les spectacles et projections publiques. Rencontres privilégiées avec les artistes après les spectacles.,Avantage tarifaire et service,"Gratuité,Rencontre d'artistes",Rue Pierre Brossolette,Sarcelles,48.99457,2.37874,"[0, 9, 255]"
Salon Du Livre Et De La Jeunesse,Expérience,Lors d'achat d'un billet salon durant le weekend un 2ème billet gratuit,Avantage tarifaire,1 place achetée = 1 place offerte,3 Rue François Debergue,Montreuil,48.856300459008125,2.425684217625983,"[255, 0, 0]"
Sèvres Céramique - Manufacture Et Musées Nationaux,Musée,Gratuité sur les collections permanentes du musée hors période temporaire et tarif réduit en période d'expo temporaire,Avantage tarifaire,"Tarif réduit,Gratuité",2 Place de la Manufacture,Sèvres,48.828741429529806,2.223185593662091,"[255, 0, 0]"
Théâtre D’Epinay-Sous-Senart - Sothevy,Théâtre | Musique | Danse,Tarif réduit valable sur tous les spectacles hors variétés et humour en tarif agglo,Avantage tarifaire,Tarif réduit,12 Rue de Rocheau,Epinay-Sous-Senart,48.694372902761124,2.5173687753131824,"[255, 0, 0]"
Théâtre De Châtillon,Théâtre | Musique | Danse,Tarif réduit 14€ et 14€ pour l'accompagnant offres tarifaire sur service spécifiques,Avantage tarifaire,"Tarif réduit,Tarif réduit accompagnant",3 Rue Sadi Carnot,Châtillon,48.800155996078075,2.288415965357134,"[255, 0, 0]"
Théâtre de Jouy,Cinéma,Mise en place des offres en cours. Voir sur le site web des 24 cinémas du Val d’Oise sur ecransvo.org,Avantage tarifaire,Inconnu,96 Avenue des Bruzacques,Jouy-le-Moutier,49.010846962048014,2.0433068122773705,"[255, 0, 0]"
Théâtre De La Tempête,Théâtre,"Tarif réduit 17€ au lieu de 22€, même tarif pour l'accompagnateur",Avantage tarifaire,"Tarif réduit,Tarif réduit accompagnant",Route du Champ de Manœuvre,Paris,48.8346958,2.4492915,"[255, 0, 0]"
Théâtre De Sartrouville,Théâtre | Musique | Danse,"Tarif réduit 19€ pour adultes et 8€ pour les 12 à 26 ans accompagnant même tarif, offre promo sur spectacle spécifiques",Avantage tarifaire,"Tarif réduit,Tarif réduit accompagnant",Place Jacques Brel,Sartrouville,48.94053751068156,2.193296334519625,"[255, 0, 0]"
Théâtre Sarah Bernhardt,Cinéma,Mise en place des offres en cours. Voir sur le site web des 24 cinémas du Val d’Oise sur ecransvo.org,Inconnu,Inconnu,82 Boulevard Paul Vaillant Couturier,Goussainville,49.03229556443547,2.4719728749574337,"[192, 192, 192]"
La Mandapa,Théâtre,"Accès au tarif réduit du même niveau que celui proposé aux demandeurs d'emploi, étudiants, retraités, habitants du 13ème. Réservation et règlement en ligne sur le site de l’établissement.",Avantage tarifaire,Tarif réduit,6 rue Wurtz,Paris,48.82757,2.34513,"[255, 0, 0]"
Théâtre de l'Opprimé,Théâtre | Musique,Les abonnés Navigo bénéficient du tarif réduit sur tous spectacles. Réservation uniquement au guichet (qui ouvre 40 minutes avant le début du spectacle) et sur présentation d’un abonnement Navigo valide.,Avantage tarifaire,Tarif réduit,78/80 rue du Charolais,Paris,48.841957092285156,2.3851022720336914,"[255, 0, 0]"
La Fab,Centre d'art,"Le billet plein tarif à 7€ est réduit à 4€ pour les abonnés Navigo. Entrée gratuite pour les abonnés concernés par le tarif réduit (voir conditions sur le site de La Fab). Si l'abonné Navigo possède déjà la gratuité grâce à son statut, l'offre de réduction s'applique à son accompagnant. Offre valable en billetterie sur présentation d'un justificatif Navigo.",Avantage tarifaire,"Tarif réduit,Tarif réduit accompagnant",Place Jean-Michel Basquiat,Paris,48.831385118682,2.375070214194,"[255, 0, 0]"
4 Delta,Cinéma,Tarif réduit sur les séances du Festival Ciné-Junior (2-15 février) et tarif reduit sur les autres séances,Avantage tarifaire,Tarif réduit,81 ter Avenue du Bac,Saint Maur La Varenne,48.79344444504156,2.5149074963191063,"[255, 0, 0]"
Bibliothèque nationale de France,Musée,Offre en cours d'élaboration.,Avantage tarifaire,Tarif réduit,Quai François Mauriac,Paris,48.83358793110102,2.3757712631042387,"[255, 0, 0]"
Centre Culturel Wladimir d’Ormesson,Cinéma,Tarif réduit sur des séances du festival Ciné junior et sur des séances évènementielles,Avantage tarifaire,Tarif réduit,14 Avenue Wladimir d’Ormesson,Ormesson-sur-Marne,48.78665946233091,2.544596032373128,"[255, 0, 0]"
Centre des Arts,Cinéma,Mise en place des offres en cours. Voir sur le site web des 24 cinémas du Val d’Oise sur ecransvo.org,Inconnu,Inconnu,12-16 Rue de la Libération,Enghien-les-Bains,48.97222503274855,2.30554097131178,"[192, 192, 192]"
Chapelle Expiatoire - Centre des Monuments Nationaux (CMN),Patrimoine,Tarif spécial sur billet simple,Avantage tarifaire,Tarif réduit,29 Rue Pasquier,Paris,48.873749968302626,2.3232878101350183,"[255, 0, 0]"
Chaplin - Saint-Lambert,Cinéma,Tarif réduit sur la séance dans le cadre de la manifestation Avant-premières! (4-12 juillet),Avantage tarifaire,Tarif réduit,6  Rue Péclet,Paris,48.84308606061797,2.2985672631044256,"[255, 0, 0]"
Château de Breteuil,Patrimoine | Jardin,Tarif réduit pour l'entrée au Parc ou entrée Parc et visite château,Avantage tarifaire,Tarif réduit,Choisel,Choisel,48.679989791041365,2.023091982122897,"[255, 0, 0]"
Cinéma Agnès Varda,Cinéma,Tarif réduit de la salle pour les détenteurs du Pass Navigo pour toutes les séances d’Arthur Rambo de Laurent Cantet,Avantage tarifaire,Tarif réduit,37 Grande Rue,Juvisy-sur-Orge,48.69058624070148,2.374678787056462,"[255, 0, 0]"
Cinéma du Panthéon,Cinéma,Tarif réduit sur la séance dans le cadre de la manifestation Avant-premières! (4-12 juillet),Avantage tarifaire,Tarif réduit,13 Rue Victor Cousin,Paris,48.847435404587216,2.342255620760104,"[255, 0, 0]"
Cinéma Henri Langlois,Cinéma,Mise en place des offres en cours. Voir sur le site web des 24 cinémas du Val d’Oise sur ecransvo.org,Inconnu,Inconnu,32 bis Rue de la Station,Franconville,48.98634374000324,2.2312534588084842,"[192, 192, 192]"
Cinéma intercommunal de l’Ysieux,Cinéma,Mise en place des offres en cours. Voir sur le site web des 24 cinémas du Val d’Oise sur ecransvo.org,Inconnu,Inconnu,8 Place de la Liberté,Fosses,49.10060288263444,2.5246242991575656,"[192, 192, 192]"
Cinéma Jacques Prévert,Cinéma,"Tarif à 2,50€ sur les séances événementielles identifiées.",Avantage tarifaire,Tarif réduit,Place Aimé Césaire,Gonesse,49.00230297856589,2.423215604370295,"[255, 0, 0]"
Cinéma la Lucarne,Cinéma,Offre de place tarifs réduits salles adhérentes,Avantage tarifaire,Tarif réduit,100 Rue Juliette Savar,Créteil,48.777525000223505,2.46634551401259,"[255, 0, 0]"
Cinéma Le Calypso,Cinéma,"Tarif réduit sur les billets à l'unité cinéma; conférences ALTAIR; les retransmissions Opéra, Ballet, concert, théâtre",Avantage tarifaire,Tarif réduit,38 Rue Victor Basch,Viry-Châtillon,48.68190329229816,2.379247559414062,"[255, 0, 0]"
Cinéma Le Parterre,Cinéma,Offre ponctuelle et tarif réduit sur les salles adhérentes,Avantage tarifaire,Tarif réduit,Place de l’hôtel de ville,Dourdan,48.529651843118074,2.0171860214781123,"[255, 0, 0]"
Cinéma Royal Palace,Cinéma,Tarif réduit sur des séances du festival Ciné junior et sur des séances évènementielles,Avantage tarifaire,Tarif réduit,165 Grande Rue Charles de Gaulle,Nogent-sur-Marne,48.838357232844956,2.489433253399152,"[255, 0, 0]"
Cinéma Studio 28,Cinéma,Tarif réduit sur la séance dans le cadre de la manifestation Avant-premières! (4-12 juillet),Avantage tarifaire,Tarif réduit,10 Rue Tholozé,Paris,48.88615517183761,2.3353649946887325,"[255, 0, 0]"
Cinéma Utopia,Cinéma,Mise en place des offres en cours. Voir sur le site web des 24 cinémas du Val d’Oise sur ecransvo.org,Avantage tarifaire,Inconnu,1 Place Pierre Mendès Franc,Saint-Ouen-l'Aumône,49.043608686648675,2.106946618526332,"[255, 0, 0]"
Domaine de Dampierre-en-Yvelines,Patrimoine | Jardin,Tarif réduit,Avantage tarifaire,Tarif réduit,2 Grande Rue,Dampierre en Yvelines,48.70483,1.98811,"[255, 0, 0]"
Espace Culturel André Malraux (ECAM) - Théâtre Du Kremlin-Bicêtre,Théâtre | Danse | Cirque,"Tarif réduit de 9€ sur les spectacles, 15€ sur spectacles à tarif exceptionnel et 8€ sur spectacles famille",Avantage tarifaire,Tarif réduit,2 Place Victor Hugo,Le Kremlin-Bicêtre,48.808837,2.360414,"[255, 0, 0]"
France Miniature,Expérience,"Réduction de 20% sur le billet d’entrée aux caisses du parc France Miniature pour les abonnés Navigo + 1 accompagnateur. Offre valable sur présentation d’un passe Navigo valide aux caisses du parc France Miniature, jusqu’au 5 novembre 2023 selon calendrier d’ouverture. Non échangeable, non remboursable et non cumulable avec toute promotion ou tarif préférentiel. D37",Avantage tarifaire,"Tarif réduit,Tarif réduit accompagnant",25 Route du Mesnil,Élancourt,48.775617707555625,1.9601338822077363,"[255, 0, 0]"
Grand Action,Cinéma,Offre en cours d'élaboration.,Avantage tarifaire,Tarif réduit,5 Rue des Ecoles,Paris,48.84753729803985,2.3521446554837095,"[255, 0, 0]"
La Colline Théâtre,Théâtre,"Tous les trois mois, La Colline propose aux détenteurs d'un passe Navigo de bénéficier en duo d'un tarif préférentiel pour assister à un spectacle de la saison : 20 € la place et 10 € pour les moins de 30 ans. .Offre valable pour l'achat de 2 billets aux dates indiquées",Avantage tarifaire,Tarif réduit,15 Rue Malte Brun,Paris,48.864599654044184,2.397573870300207,"[255, 0, 0]"
Le Balzac,Cinéma,Offre en cours d'élaboration.,Avantage tarifaire,Tarif réduit,1 Rue Balzac,Paris,48.87295047549214,2.2998705242998905,"[255, 0, 0]"
Le Lincoln,Cinéma,Tarif réduit sur la séance dans le cadre de la manifestation Avant-premières! (4-12 juillet),Avantage tarifaire,Tarif réduit,14 Rue Lincoln,Paris,48.870513903224605,2.303156741758147,"[255, 0, 0]"
Le Livre-Echange,Livre,Gratuité sur les actions culturelles publiques du Livre-Échange. Rencontres privilégiées avec des auteurs et professionnels des métiers du livre,Avantage tarifaire et service,"Gratuité,Rencontre d'artistes",72 Rue Pierre Brossolette,Sarcelles,48.99313,2.37694,"[0, 9, 255]"
Le Plus Petit Cirque du Monde,Cirque,Le Plus Petit Cirque du Monde offre un tarif réduit de 10€,Avantage tarifaire,Tarif réduit,1 Impasse de la Renardière,Bagneux,48.78809773897812,2.3023430921630483,"[255, 0, 0]"
Le Saint André des Arts,Cinéma,Offre en cours d'élaboration.,Avantage tarifaire,Tarif réduit,30 Rue Saint-André des Arts,Paris,48.85337977106268,2.342062598062399,"[255, 0, 0]"
Les 3 Cinés Robespierre,Cinéma,Tarif réduit sur certaines séances dans le cadre du festival Ciné Junior (2-15 février). Tarif réduit de la salle pour les détenteurs du Pass Navigo pour toutes les séances d’Arthur Rambo de Laurent Cantet,Avantage tarifaire,Tarif réduit,19 Avenue Maximilien Robespierre,Vitry-sur-Seine,48.79106991034085,2.3882362651350255,"[255, 0, 0]"
Mac Créteil,Danse | Théâtre,Tarif réduit de 12€ et gratuit pour accompagnant,Avantage tarifaire,Tarif réduit,Place Salvador Allende,Créteil,48.776933604967226,2.4548637707384713,"[255, 0, 0]"
Mac Val,Musée,4€ grille tarifaire en vigueur,Avantage tarifaire,Tarif réduit,Place de la Libération,Vitry-sur-Seine,48.79297537280029,2.3873800357869586,"[255, 0, 0]"
Maison Auguste Comte,Musée,Tarif réduit de 2€ a l'entrée,Avantage tarifaire,Tarif réduit,10 Rue Monsieur le Prince,Paris,48.851050472345875,2.3393996216439477,"[255, 0, 0]"
Maison De Fer Ville De Poissy,Musée,Tarif réduit,Avantage tarifaire,Tarif réduit,2 ter Allée des Glaïeuls,Poissy,48.92631282137604,2.0322547473676305,"[255, 0, 0]"
Max Linder Panorama,Cinéma,Tarif réduit sur la séance dans le cadre de la manifestation Avant-premières! (4-12 juillet),Avantage tarifaire,Tarif réduit,24 Boulevard Poissonniere,Paris,48.87138777125083,2.344849887901363,"[255, 0, 0]"
Musée De La Gendarmerie,Musée,Tarif réduit 5€ et cercle 5€ services specifique et visites,Avantage tarifaire,Tarif réduit,1-3 Rue Emile Leclerc,Melun,48.54532229858583,2.6531343940512397,"[255, 0, 0]"
Musée du quai Branly – Jacques Chirac,Musée,Navigo : tarif réduit sur les pass annuels et les audioguides. Pass Solo : 30 € au lieu de 35 €. Pass Duo : 50 € au lieu de 60 €. Audioguide : 3 € au lieu de 5 €. Carte ImaginR : gratuité pour le porteur de la carte (-26 ans) + tarif réduit accordé sur le billet d’entrée (9 € au lieu de 12 €) pour un accompagnateur. Sur présentation d’un justificatif de validité.,Avantage tarifaire,"Abonnement à tarif réduit,Tarif réduit accompagnant",37 Quai Jacques Chirac,Paris,48.861173438905375,2.2955042953234366,"[255, 0, 0]"
Musée En Herbe,Musée,Tarif réduit uniquement aux détenteurs de imagine R Etudiant gratuit pour l'accompagnant,Avantage tarifaire,"Tarif réduit,Tarif réduit accompagnant",23 Rue de l'Arbre Sec,Paris,48.86015497794567,2.342149143670105,"[255, 0, 0]"
Musée Fournaise,Musée,Tarif réduit de 7€ au lieu de 9€,Avantage tarifaire,Tarif réduit,3 Rue du Bac,Chatou,48.889583,2.163027,"[255, 0, 0]"
Parti Poétique,Centre d'art,Tarif réduit sur visites guidées les samedis à partir du 22 mai jusqu'en octobre : 5€,Avantage tarifaire,Tarif réduit,112 Avenue de Stalingrad,Saint-Denis,48.9472776927154,2.3732600596252005,"[255, 0, 0]"
Théâtre - Cinéma du Garde-Chasse,Théâtre | Musique | Danse,Accès au tarif super réduit de 9€ sur une sélection de spectacles de la saison. Informations et réservation au 01 43 60 41 89,Avantage tarifaire,Tarif réduit,181 bis Rue de Paris,Les Lilas,48.881676046495,2.4198259883943436,"[255, 0, 0]"
Théâtre André Malraux,Cinéma,Tarif réduit sur certains évènements cinéma,Avantage tarifaire,Tarif réduit,1 bis Rue Guillemeteau,Gagny,48.88405386158545,2.5298167480678955,"[255, 0, 0]"
Théâtre De Boussy-Saint-Antoine- Salle Gérard Philippe - Sothevy,Théâtre | Musique | Danse,Tarif réduit valable sur tous les spectacles hors variétés et humour en tarif agglo,Avantage tarifaire,Tarif réduit,Cours Neuenhaus,Boussy-Saint-Antoine,48.68944309916194,2.5283113378635025,"[255, 0, 0]"
Théatre de la Cité internationale,Théâtre | Musique | Danse,Tatif réduit à 16€ sur l'ensemble de la saison pour les détenteurs du Navigo,Avantage tarifaire,Tarif réduit,21 Boulevard Jourdan,Paris,48.819263454735584,2.3384569564546043,"[255, 0, 0]"
Théâtre De Longjumeau,Théâtre | Musique | Danse,Tarif réduit sur tous les spectacles hors variétés et humour réservés au tarif ville voir programme,Avantage tarifaire,Tarif réduit,20 Avenue du Général de Gaulle,Longjumeau,48.69555390754713,2.2989306220878567,"[255, 0, 0]"
Théâtre de Saint Quentin en Yvelines,Théâtre | Musique | Danse,Tarifs réduits,Avantage tarifaire,Tarif réduit,3 Place Georges Pompidou,Montigny-le-Bretonneux,48.78341524946491,2.0424694793440925,"[255, 0, 0]"
Théâtre De Suresnes Jean Vilar,Théâtre | Musique | Danse,"Tarif réduit ouvert aux abonnés Navigo sur une sélection de spectacle : https://linktr.ee/avantages_culture_Navigo 
Pour les spectacles au tarif A, 25€ au lieu de 30€, pour les spectacles au tarif B, 20€ au lieu de 25€. Pour les - 28 ans, tarif réduit à 10€ pour les spectacles au tarif A et tarif B.
Offre dans la limite des places disponibles. Réservation sur place ou par téléphone au 01 46 97 98 10 du mardi au samedi de 13h à 18h sur présentation du passe Navigo en cours de validité.",Avantage tarifaire,Tarif réduit,16 Place Stalingrad,Suresnes,48.863279234671936,2.202241041985166,"[255, 0, 0]"
Théâtre De Verdure Mel Bonis,Théâtre | Musique | Danse,Gratuité sur les spectacles et manifestations publiques. Rencontres privilégiées avec les artistes du Festival des Jardins d’Été et professionnels des métiers du spectacle.,Avantage tarifaire et service,"Gratuité,Rencontre d'artistes",1 Rue des Pilliers,Sarcelles,48.99488,2.37861,"[0, 9, 255]"
Théâtre Des Sources,Théâtre | Musique | Danse,Tarif réduit hors abo et offre à tarif réduit pour l'accompagnant,Avantage tarifaire,"Tarif réduit,Tarif réduit accompagnant",8 Avenue Jeanne et Maurice Dolivet,Fontenay-aux-Roses,48.79151229236207,2.289832396708443,"[255, 0, 0]"
Théâtre Dunois,Théâtre | Musique | Danse,"Tarif réduit  10€ pour les +25 ans et 7,50€ pour les 15 à 25 ans sur certains spectacles",Avantage tarifaire,Tarif réduit,7 Rue Louise Weiss,Paris,48.833154247827714,2.3705585941073504,"[255, 0, 0]"
Théâtre Gerard Philipe (Saint-Denis) Cdn,Théâtre | Musique | Danse,Tarif réduit 17€ au lieu de 23€ même tarif accompagnant et offres ponctuelles sur des évènements dédiés,Avantage tarifaire,"Tarif réduit,Tarif réduit accompagnant",59 Boulevard Jules Guesde,Saint-Denis,48.93827262694061,2.3503429008330965,"[255, 0, 0]"
Théâtre L'azimut,Théâtre | Musique | Danse | Cirque,Tarif réduit 10€ et Cercle 15€,Avantage tarifaire,"Tarif réduit,Tarif réduit accompagnant",254 Avenue de la Division Leclerc,Châtenay-Malabry,48.76452497420125,2.2688913492560703,"[255, 0, 0]"
Théâtre Mogador,Théâtre | Musique | Danse,"réduction de 10%  les mardis, mercredis et jeudis sur la base du tarif public revendeurs",Avantage tarifaire,Tarif réduit,25 Rue de Mogador,Paris,48.87541,2.33121,"[255, 0, 0]"
Théâtre Pierre Fresnay,Cinéma,Mise en place des offres en cours. Voir sur le site web des 24 cinémas du Val d’Oise sur ecransvo.org,Inconnu,Inconnu,3 Rue Saint-Flaive,Ermont,48.99066658963697,2.261144912042963,"[192, 192, 192]"
Théâtre Romain Rolland,Théâtre | Musique | Danse,"Tarif de l'abonnement Classique sur l'ensemble des spectacles (hors spectacles exceptionnels) : Tarif plein : 15,50€, Tarif réduit* : 13,50€, Tarif mini* : 10€ Réservation possible uniquement sur place ou par téléphone. Tarif réduit : seniors (+60 ans), familles nombreuses, abonnés théâtres amis. Tarif mini : -26 ans, demandeurs d'emploi, étudiants, titulaires d'une carte d'invalidité, bénéficiaires du RSA, intermittents du spectacle.""",Avantage tarifaire,Tarif réduit,18 Rue Eugène Varlin,Villejuif,48.793542539070515,2.363067428100427,"[255, 0, 0]"
Institut des Cultures d'Islam,Centre d'art,Les abonnés Navigo bénéficient d’une visite guidée gratuite et exclusive de chaque exposition de l’ICI,Avantage service,Visite guidée gratuite,56 Rue Stephenson,Paris,48.88854414848145,2.3563171401993794,"[0, 255, 26]"
